URL,Title,Selection,Folder,Timestamp,Tags
https://claude.ai/chat/8d5cdec7-893e-42b4-a54d-332d507cfed8,Claude,,Unread,1753612588,[]
https://www.lesswrong.com/posts/9jhrWnxYkoZPxMZMj/women-want-safety-men-want-respect,"Women Want Safety, Men Want Respect ‚Äî LessWrong",,Unread,1753358247,[]
https://www.jefftk.com/p/shallow-water-is-dangerous-too,Shallow Water is Dangerous Too,,Unread,1753310486,[]
https://ninapanickssery.substack.com/p/chocolate-cafe?publication_id=1692721&utm_campaign=email-post-title&r=1o9kun&utm_medium=email,Chocolate Cafe,,Unread,1753260573,[]
https://www.astralcodexten.com/p/press-any-key-for-bay-area-house,Press Any Key For Bay Area House Party,,Unread,1753164994,[]
https://www.lesswrong.com/posts/6DzFsRvEoD8vFPWPg/fiction-our-trial,[Fiction] Our Trial ‚Äî LessWrong,,Unread,1753118162,[]
https://pubmed.ncbi.nlm.nih.gov/37968687/,The effects of creatine supplementation on cognitive performance-a randomised controlled study - PubMed,,Unread,1752850393,[]
https://www.astralcodexten.com/p/your-review-islamic-geometric-patterns,Your Review: Islamic Geometric Patterns In The Metropolitan Museum Of Art,,Unread,1752842864,[]
https://www.benkuhn.net/blub/,In defense of blub studies,,Unread,1752767482,[]
https://arxiv.org/abs/2507.11473v1,Chain of Thought Monitorability: A New and Fragile Opportunity for AI Safety,,Unread,1752672571,[]
https://calv.info/openai-reflections,Reflections on OpenAI,,Unread,1752658443,[]
https://ninapanickssery.substack.com/p/baby,Baby,,Starred,1752357886,"[""people""]"
https://ninapanickssery.substack.com/p/why-do-llms-hallucinate?isFreemail=true&post_id=168021448&publication_id=1692721&r=1o9kun&triedRedirect=true&utm_campaign=email-post-title&utm_medium=email&utm_source=post-email-title,Why do LLMs hallucinate?,,Unread,1752357881,[]
https://www.lesswrong.com/posts/pPEeMdgjpjHZWCDFw/white-box-control-at-uk-aisi-update-on-sandbagging,White Box Control at UK AISI - Update on Sandbagging Investigations ‚Äî LessWrong,,Starred,1752246284,"[""ai"", ""interp""]"
https://www.lesswrong.com/posts/o5g4bhHgoZrewKwFH/what-s-worse-spies-or-schemers,"What's worse, spies or schemers? ‚Äî LessWrong",,Unread,1752076745,[]
https://www.lesswrong.com/posts/onsZ4JeA8EMX3hb7B/applying-right-wing-frames-to-agi-geo-politics,Applying right-wing frames to AGI (geo)politics ‚Äî LessWrong,,Unread,1752051172,[]
https://www.lesswrong.com/posts/YXNeA3RyRrrRWS37A/a-problem-to-solve-before-building-a-deception-detector,A Problem to Solve Before Building a Deception Detector ‚Äî LessWrong,,Starred,1751987680,"[""interp""]"
https://www.benkuhn.net/leadcats/,Categories of leadership on technical teams,,Starred,1751909896,"[""work"", ""optimisation""]"
https://www.benkuhn.net/trust/,Trust as a bottleneck to growing teams quickly,,Starred,1751909888,"[""optimisation""]"
https://www.benkuhn.net/focustools/,Tools for keeping focused,,Starred,1751909817,"[""optimisation""]"
https://www.benkuhn.net/weekly/,My weekly review habit,,Starred,1751909669,"[""optimisation""]"
https://www.lesswrong.com/posts/2XFGR8NyjguohpjbH/the-sixteen-kinds-of-intimacy,The Sixteen Kinds of Intimacy ‚Äî LessWrong,,Starred,1751109555,"[""people""]"
https://www.lesswrong.com/posts/TeF8Az2EiWenR9APF/when-is-it-important-that-open-weight-models-aren-t-released,When is it important that open-weight models aren't released? My thoughts on the benefits and dangers of open-weight models in response to developments in CBRN capabilities. ‚Äî LessWrong,,Starred,1749664940,"[""ai""]"
https://www.lesswrong.com/posts/beREnXhBnzxbJtr8k/mech-interp-is-not-pre-paradigmatic,Mech interp is not pre-paradigmatic ‚Äî LessWrong,Epistemic status: Vague and handwavy. Nuance is often missing. Some of the claims depend on implicit definitions that may be reasonable to disagree with. But overall I think it's directionally true.,Starred,1749581613,"[""ai"", ""interp""]"
https://www.lesswrong.com/posts/JBR6AF9Gusv4u6Fwo/laziness-death-spirals,Laziness death spirals ‚Äî LessWrong,,Starred,1749339926,"[""optimisation""]"
https://ninapanickssery.substack.com/p/on-optimizing-for-intelligibility?publication_id=1692721&utm_campaign=email-post-title&r=1o9kun&utm_medium=email,On optimizing for intelligibility to humans,,Starred,1747214992,"[""ai""]"
https://www.lesswrong.com/posts/cJQZAueoPC6aTncKK/untitled-draft-udzv,AIs at the current capability level may be important for future safety work ‚Äî LessWrong,,Starred,1747065550,"[""ai""]"
https://www.youtube.com/watch?v=n0KvP74q9LA&t=181s,Otherness and control in the age of AGI (Joe Carlsmith),,Starred,1746822732,"[""ai""]"
https://www.lesswrong.com/posts/Wg6ptgi2DupFuAnXG/orienting-toward-wizard-power,Orienting Toward Wizard Power ‚Äî LessWrong,,Starred,1746788558,"[""other""]"
https://www.alignmentforum.org/posts/PwnadG4BFjaER3MGf/interpretability-will-not-reliably-find-deceptive-ai,Interpretability Will Not Reliably Find Deceptive AI ‚Äî AI Alignment Forum,isolated demand for rigor,Starred,1746612967,"[""interp"", ""ai""]"
https://dynomight.substack.com/p/blood?publication_id=327510&utm_campaign=email-post-title&r=1o9kun&utm_medium=email,So much blood,,Starred,1746540104,"[""science""]"
https://slatestarcodex.com/2017/11/30/book-review-inadequate-equilibria/,Book Review: Inadequate Equilibria,,Starred,1746398790,"[""rationality""]"
https://thezvi.wordpress.com/2017/11/27/you-have-the-right-to-think/,You Have the Right to Think,,Starred,1746398788,"[""rationality""]"
https://www.overcomingbias.com/p/why-be-contrarianhtml,Why Be Contrarian?,,Starred,1746527032,"[""rationality""]"
https://scottaaronson.blog/?p=3535,"Review of ‚ÄúInadequate Equilibria,‚Äù by Eliezer Yudkowsky",,Starred,1746527032,"[""rationality""]"
https://www.lesswrong.com/posts/z8usYeKX7dtTWsEnk/more-dakka,More Dakka ‚Äî LessWrong,,Unread,1746527034,[]
https://www.astralcodexten.com/p/ye-olde-bay-area-house-party,Ye Olde Bay Area House Party,,Starred,1746391116,"[""fiction""]"
https://open.substack.com/pub/astralcodexten/p/testing-ais-geoguessr-genius?utm_source=post-email-title&publication_id=89120&post_id=162652074&utm_campaign=email-post-title&isFreemail=true&r=1o9kun&token=eyJ1c2VyX2lkIjoxMDEyMjM4ODcsInBvc3RfaWQiOjE2MjY1MjA3NCwiaWF0IjoxNzQ2MTc0MDc2LCJleHAiOjE3NDg3NjYwNzYsImlzcyI6InB1Yi04OTEyMCIsInN1YiI6InBvc3QtcmVhY3Rpb24ifQ.4C0vvvGptxWYBE3vVchgQv9NLEGKPO-w1ZjTKyEFQLI,Testing AI's GeoGuessr Genius,,Starred,1746250097,"[""ai""]"
https://dynomight.substack.com/p/money,Trading stuff for money,,Starred,1746173959,"[""money""]"
https://blog.ai-futures.org/p/making-sense-of-openais-models,Making Sense of OpenAI's Models,,Starred,1746173958,"[""ai""]"
https://joecarlsmith.substack.com/p/can-we-safely-automate-alignment,Can we safely automate alignment research?,,Unread,1746173960,[]
https://joecarlsmith.substack.com/p/video-and-transcript-of-talk-on-automating?publication_id=1022275&utm_campaign=email-post-title&r=1o9kun&utm_medium=email,Video and transcript of talk on automating alignment research,,Unread,1746121589,[]
https://www.lesswrong.com/posts/HxLYnGYspLoeLLrE6/our-reality-a-simulation-run-by-a-paperclip-maximizer-1,Our Reality: A Simulation Run by a Paperclip Maximizer ‚Äî LessWrong,,Starred,1745857660,"[""ai""]"
https://www.lesswrong.com/posts/Cvvf5w2j6BPJd8BzL/ai-self-portraits-aren-t-accurate,AI Self Portraits Aren't Accurate ‚Äî LessWrong,,Starred,1745857662,"[""ai""]"
https://www.lesswrong.com/posts/gQyphPbaLHBMJoghD/comp-sci-in-2027-short-story-by-eliezer-yudkowsky,Comp Sci in 2027 (Short story by Eliezer Yudkowsky) ‚Äî LessWrong,,Starred,1745779863,"[""ai""]"
https://ninapanickssery.substack.com/p/an-llm-codeforces-champion-is-not,An LLM CodeForces champion is not taking your software engineering job (yet),,Starred,1745749446,"[""ai""]"
https://ninapanickssery.substack.com/p/an-llm-codeforces-champion-is-not,An LLM CodeForces champion is not taking your software engineering job (yet),,Starred,1745749446,"[""ai""]"
https://www.spectator.co.uk/article/god-save-our-islamophilic-king/,God save our Islamophilic King,,Starred,1745638160,"[""other""]"
https://80000hours.org/2025/04/to-understand-ai-you-should-use-it-heres-how-to-get-started/,"To understand AI, you should use it. Here's how to get started.",,Unread,1745632161,"[""ai""]"
https://dynomight.net/jaccuse/,"Cr√©mieux, j‚Äôaccuse",,Starred,1745607751,[]
https://dynomight.substack.com/p/theanine-2?publication_id=327510&utm_campaign=email-post-title&r=1o9kun&utm_medium=email,My more-hardcore theanine self-experiment,,Starred,1745580307,[]
https://www.lesswrong.com/posts/nYJaDnGNQGiaCBSB5/accountability-sinks,Accountability Sinks ‚Äî LessWrong,,Starred,1745580302,[]
https://www.lesswrong.com/posts/wuiZQrqn2fZCZMDBC/chapter-122-something-to-protect-hermione-granger,Chapter 122: Something to Protect: Hermione Granger ‚Äî LessWrong,,Starred,1745580313,"[""fiction""]"
https://blog.ai-futures.org/p/why-america-wins,Why America Wins,,Unread,1745488411,[]
https://blog.ai-futures.org/p/ai-2027-media-reactions-criticism,"AI 2027: Media, Reactions, Criticism",,Starred,1745488394,"[""ai""]"
https://www.astralcodexten.com/p/ai-futures-blogging-and-ama,AI Futures: Blogging And AMA,,Starred,1745488365,"[""ai""]"
https://www.lesswrong.com/posts/S6evEw7Pw6t6SNAxG/chapter-118-something-to-protect-professor-quirrell,Chapter 118: Something to Protect: Professor Quirrell ‚Äî LessWrong,,Starred,1745425189,"[""fiction""]"
https://www.lesswrong.com/posts/PYypGqzCiiTkm9HWv/chapter-116-aftermath-something-to-protect-pt-0,"Chapter 116: Aftermath, Something to Protect, Pt 0 ‚Äî LessWrong",,Starred,1745480208,"[""fiction""]"
https://forum.effectivealtruism.org/posts/wKHzfWoNMSQHxosgz/consider-starting-a-for-profit-company-instead,Consider starting a for-profit company instead ‚Äî EA Forum,,Starred,1745425183,"[""ea""]"
https://www.lesswrong.com/posts/oToy3Qdy9HNDuh4nH/chapter-117-something-to-protect-minerva-mcgonagall,Chapter 117: Something to Protect: Minerva McGonagall ‚Äî LessWrong,,Starred,1745421074,"[""fiction""]"
https://hpmor.com/chapter/115,"Harry Potter and the Methods of Rationality, Chapter 115: Shut Up and Do The Impossible, Pt 2",,Starred,1745439759,"[""fiction""]"
https://www.lesswrong.com/posts/udH3CoLhwFcod8yZY/chapter-114-shut-up-and-do-the-impossible,Chapter 114: Shut Up and Do The Impossible ‚Äî LessWrong,,Starred,1745400200,"[""fiction""]"
https://www.benkuhn.net/impact/,"Impact, agency, and taste",,Starred,1751909904,"[""optimisation"", ""work""]"
https://www.lesswrong.com/posts/fri4HdDkwhayCYFaE/do-a-cost-benefit-analysis-of-your-technology-usage,Do a cost-benefit analysis of your technology usage ‚Äî LessWrong,,Starred,1745169373,"[""optimisation""]"
https://blog.ai-futures.org/p/training-agi-in-secret-would-be-unsafe?publication_id=3475640&utm_campaign=email-post-title&r=1o9kun&utm_medium=email,Training AGI in Secret would be Unsafe and Unethical,,Starred,1744972242,"[""ai""]"
https://www.lesswrong.com/posts/ZGubowiuRD2WAJizk/my-supervillain-origin-story,My supervillain origin story ‚Äî LessWrong,,Starred,1744796466,"[""careers""]"
https://www.yudkowsky.net/other/yehuda,"Yehuda Yudkowsky, 1985-2004 ‚Äì Eliezer S. Yudkowsky",,Starred,1744577170,"[""rationality""]"
https://www.lesswrong.com/posts/rLucLvwKoLdHSBTAn/playing-in-the-creek,Playing in the Creek ‚Äî LessWrong,,Starred,1744447086,"[""rationality""]"
https://xavicf.substack.com/p/youth-lockout,Youth Lockout,,Starred,1744393631,"[""ai""]"
https://dynomight.substack.com/p/paper,Paper,,Starred,1744362434,"[""optimisation""]"
https://forum.effectivealtruism.org/posts/qCDad9dWE5hDkYevK/introducing-the-spending-what-we-must-pledge,Introducing The Spending What We Must Pledge ‚Äî EA Forum,,Starred,1744272878,"[""ea""]"
https://groups.csail.mit.edu/medg/people/psz/Licklider.html,Man-Computer Symbiosis,,Starred,1744223773,"[""odyssey""]"
https://lukedrago.substack.com/p/the-use-of-knowledge-in-agi-society,The use of knowledge in (AGI) society,,Starred,1744223422,"[""ai""]"
https://www.vanityfair.com/news/2018/07/valley-of-genius-excerpt-google,"‚ÄúGoogle Was Not a Normal Place‚Äù: Brin, Page, and Mayer on the Accidental Birth of the Company that Changed Everything",,Starred,1744223359,"[""odyssey"", ""work""]"
https://andymasley.substack.com/p/individual-ai-use-is-not-bad-for,Using ChatGPT is not bad for the environment,,Starred,1743789765,"[""ai""]"
https://www.benkuhn.net/tmgr/,Advice for time management as a manager,,Starred,1751909907,"[""work"", ""optimisation""]"
https://www.metamute.org/editorial/articles/californian-ideology,The Californian Ideology,,Starred,1743341826,"[""odyssey""]"
https://www.eff.org/cyberspace-independence,A Declaration of the Independence of Cyberspace,,Starred,1743356533,"[""odyssey""]"
https://patrickcollison.com/fast,Fast ¬∑ Patrick Collison,,Starred,1743179482,"[""optimisation"", ""work""]"
https://patrickcollison.com/advice,Advice ¬∑ Patrick Collison,"More broadly, nobody is going to teach you to think for yourself. A large fraction of what people around you believe is mistaken. Internalize this and practice coming up with your own worldview. The correlation between it and those around you shouldn't be too strong unless you think you were especially lucky in your initial conditions.",Starred,1743179405,"[""optimisation"", ""work""]"
https://www.lesswrong.com/posts/abtegBoDfnCzewndm/do-models-say-what-they-learn,Do models say what they learn? ‚Äî LessWrong,,Starred,1743078538,"[""ai""]"
https://kipp.ly,"You can't be ""not good enough"" to skip (or drop out of) college | kipply's blog",,Starred,1743013457,"[""careers""]"
https://forum.effectivealtruism.org/posts/pufofnCukyN3hBamw/consider-haggling,Consider haggling ‚Äî EA Forum,,Starred,1742676433,"[""optimisation""]"
https://www.lesswrong.com/posts/P5zWiPF5cPJZSkiAK/good-research-takes-are-not-sufficient-for-good-strategic,Good Research Takes are Not Sufficient for Good Strategic Takes ‚Äî LessWrong,,Starred,1742676448,"[""research""]"
https://slatestarcodex.com/2018/04/30/book-review-history-of-the-fabian-society/,Book Review: History Of The Fabian Society,,Starred,1742594594,"[""odyssey""]"
https://dynomight.substack.com/p/ideas,Rewarding ideas,,Unread,1742499971,[]
https://inferencemagazine.substack.com/p/the-uphill-battle-to-mitigate-the,The uphill battle to ‚Äúmitigate the risks‚Äù,,Starred,1742405935,"[""ai""]"
https://www.pathwaysai.org/p/glimpses-of-ai-progess,Glimpses of AI Progress,,Starred,1742405935,"[""ai""]"
https://www.benkuhn.net/pjm/,How I've run major projects,,Starred,1751909899,"[""work"", ""optimisation""]"
https://joecarlsmith.substack.com/p/ai-for-ai-safety,AI for AI safety,,Starred,1742038403,"[""ai""]"
https://joecarlsmith.substack.com/p/paths-and-waystations-in-ai-safety,Paths and waystations in AI safety,,Unread,1741741698,[]
https://inferencemagazine.substack.com/p/the-masters-of-our-destiny,The Masters of Our Destiny,,Unread,1741741699,[]
https://drive.google.com/file/d/1wqlNRYueYhsJiTACEcRzvxnWViqJ6DxV/view?usp=sharing&usp=embed_facebook,1 The Better Angels of Our Nature - REDACTED - Steven Pinker.pdf,,Starred,1741563439,"[""odyssey""]"
https://www.cremieux.xyz/p/the-ottoman-origins-of-modernity,The Ottoman Origins of Modernity,,Starred,1741729041,"[""odyssey""]"
https://thezvi.substack.com/p/childhood-and-education-9-school,Childhood and Education #9: School is Hell,,Unread,1746624617,[]
https://forum.effectivealtruism.org/posts/6FLvBaEwiiqf9JGEJ/history-of-diversity-efforts-and-trends-in-ea,History of diversity efforts and trends in EA ‚Äî EA Forum,,Starred,1741214627,"[""ea""]"
https://lukedrago.substack.com/p/the-future-of-taste,The Future of Taste,,Starred,1741121371,"[""ai"", ""work""]"
https://www.benkuhn.net/attention/,Attention is your scarcest resource,,Starred,1741044880,"[""optimisation""]"
https://inferencemagazine.substack.com/p/peak-brussels,Peak Brussels,,Starred,1741044875,"[""ai""]"
https://www.exurbe.com/on-progress-and-historical-change/,On Progress and Historical Change ‚Äì Ex Urbe,,Starred,1740848184,"[""odyssey"", ""other""]"
https://www.transformernews.ai/p/ai-coding-tools-impact,AI coding tools are quietly reshaping software development,,Starred,1740782100,"[""ai""]"
https://lukedrago.substack.com/p/now-is-the-time-for-moonshots,Now is the Time for Moonshots,,Starred,1740774487,"[""ai"", ""careers""]"
https://dynomight.substack.com/p/bayes,Bayes is not a phase,,Unread,1740690235,[]
https://www.lesswrong.com/posts/DfrSZaf3JC8vJdbZL/how-to-make-superbabies,How to Make Superbabies ‚Äî LessWrong,,Unread,1740782066,[]
https://drive.google.com/file/d/15WZLo-vvtC-MpZ1OjhE0pxHUNQYd6F9-/view?usp=sharing&usp=embed_facebook,The Secrets of Alchemy - redacted - Lawrence M. Principe.pdf,,Starred,1740527178,"[""odyssey"", ""science""]"
https://www.lesswrong.com/posts/JAAHjm4iZ2j5Exfo2/the-copernican-revolution-from-the-inside,The Copernican Revolution from the Inside ‚Äî LessWrong,,Starred,1740438308,"[""odyssey"", ""science"", ""favourites""]"
https://drive.google.com/file/d/1olp27hjfahx_2OALaYkfpKvUB0Si7K2z/view?usp=sharing&usp=embed_facebook,New Atlantis (abridged).pdf,,Starred,1740438276,"[""odyssey"", ""other""]"
https://www.lesswrong.com/posts/aG9e5tHfHmBnDqrDy/the-gdm-agi-safety-alignment-team-is-hiring-for-applied,The GDM AGI Safety+Alignment Team is Hiring for Applied Interpretability Research ‚Äî LessWrong,,Starred,1740391473,"[""interp"", ""ai""]"
https://vitalik.eth.limo/general/2021/03/23/legitimacy.html,The Most Important Scarce Resource is Legitimacy,,Starred,1740226262,"[""odyssey""]"
https://www.astralcodexten.com/p/lives-of-the-rationalist-saints,Lives Of The Rationalist Saints,,Unread,1740131792,[]
https://www.lesswrong.com/posts/TTFsKxQThrqgWeXYJ/how-might-we-safely-pass-the-buck-to-ai,How might we safely pass the buck to AI? ‚Äî LessWrong,,Starred,1740005424,"[""ai""]"
https://joecarlsmith.substack.com/p/when-should-we-worry-about-ai-power,When should we worry about AI power-seeking?,,Unread,1740073777,[]
https://www.benkuhn.net/progessays/,Essays on programming I think about a lot,,Unread,1739871702,[]
https://www.transformernews.ai/p/the-ai-security-era-has-begun?publication_id=1688188&utm_campaign=email-post-title&r=1o9kun&utm_medium=email,The AI Security era has begun,,Starred,1739871674,"[""ai""]"
https://nosetgauge.substack.com/p/a-history-of-the-future-2030-2040,"A History of the Future, 2030-2040",,Starred,1739849773,"[""ai""]"
https://joecarlsmith.substack.com/p/how-do-we-solve-the-alignment-problem?isFreemail=true&post_id=157048606&publication_id=1022275&r=1o9kun&triedRedirect=true&utm_campaign=email-post-title&utm_medium=email&utm_source=post-email-title,How do we solve the alignment problem?,,Unread,1739785935,[]
https://joecarlsmith.substack.com/p/what-is-it-to-solve-the-alignment?isFreemail=true&post_id=157049154&publication_id=1022275&r=1o9kun&triedRedirect=true&utm_campaign=email-post-title&utm_medium=email&utm_source=post-email-title,What is it to solve the alignment problem?,,Unread,1739785925,[]
https://nosetgauge.substack.com/p/a-history-of-the-future-2027-2030,"A History of the Future, 2027-2030",,Starred,1739849774,"[""ai""]"
https://nosetgauge.substack.com/p/a-history-of-the-future-2025-2027,"A History of the Future, 2025-2027",,Starred,1739849773,"[""ai""]"
https://lukedrago.substack.com/p/agi-and-the-corporate-pyramid,AGI and the Corporate Pyramid,,Starred,1739758709,"[""ai""]"
https://www.lesswrong.com/posts/bsTzgG3cRrsgbGtCc/extended-analogy-between-humans-corporations-and-ais,"Extended analogy between humans, corporations, and AIs. ‚Äî LessWrong",,Unread,1739619017,[]
https://benjamintodd.substack.com/p/teaching-ai-to-reason-this-years?isFreemail=true&post_id=156962731&publication_id=2577442&r=1o9kun&triedRedirect=true,Teaching AI to reason: this year's most important story,,Starred,1739348802,"[""ai""]"
https://paulgraham.com/conformism.html,The Four Quadrants of Conformism,,Starred,1739075512,"[""people""]"
https://www.lesswrong.com/posts/KFJ2LFogYqzfGB3uX/how-ai-takeover-might-happen-in-2-years,How AI Takeover Might Happen in 2 Years ‚Äî LessWrong,,Starred,1739050771,"[""ai"", ""fiction""]"
https://www.briantimar.com/notes/mimetic/mimetic,mimetic,"I suspect I‚Äôm not the only one who‚Äôs felt this trapping effect in physics. Some theorists seem to work primarily on fad topics inherited from other prominent departments (ever heard of dynamical quantum phase transitions?). That‚Äôs not to say these research areas aren‚Äôt valuable, beautiful, or profound ‚Äî but I‚Äôm wary of the process that pulls people into them. Among experimentalists, it‚Äôs not hard to find graduate students who can tell you every detail about how a particular machine operates, and almost nothing about why it should be built. Again, if they‚Äôre enjoying the process, more power to them. My point is that they‚Äôre driven in part by mimetic forces, and for people with a certain psychological weakness, this can lead to purposeless toil. I know what this feels like, and it terrifies me.",Starred,1739014504,"[""odyssey"", ""favourites""]"
https://inferencemagazine.substack.com/p/agi-is-an-engineering-problem,AGI is an Engineering Problem,,Starred,1738938775,"[""ai""]"
https://www.overcomingbias.com/p/this-is-the-dream-timehtml,This is the Dream Time,,Starred,1738919607,"[""odyssey"", ""work""]"
https://map.simonsarris.com/p/the-most-precious-resource-is-agency,The Most Precious Resource is Agency,,Starred,1738919600,"[""odyssey"", ""optimisation""]"
https://www.benkuhn.net/wireless/,Wireless is a trap,,Starred,1738613169,"[""optimisation""]"
https://www.lesswrong.com/posts/WSNnKcKCYAffcnrt2/ten-people-on-the-inside,Ten people on the inside ‚Äî LessWrong,,Starred,1738594114,"[""ai""]"
https://www.lesswrong.com/posts/fbfujF7foACS5aJSL/catastrophe-through-chaos,Catastrophe through Chaos ‚Äî LessWrong,,Starred,1738428445,"[""ai""]"
https://www.lesswrong.com/posts/MEfhRvpKPadJLTuTk/some-articles-in-international-security-that-i-enjoyed,Some articles in ‚ÄúInternational Security‚Äù that I enjoyed ‚Äî LessWrong,,Starred,1738411350,"[""ai"", ""other""]"
https://redwoodresearch.substack.com/p/takeaways-from-sketching-a-control,Takeaways from sketching a control safety case,,Starred,1738269949,"[""ai""]"
https://www.benkuhn.net/conviction/,No one can teach you to have conviction,,Starred,1738239892,"[""work""]"
https://www.lesswrong.com/posts/8vgi3fBWPFDLBBcAx/planning-for-extreme-ai-risks,Planning for Extreme AI Risks ‚Äî LessWrong,,Starred,1738180608,"[""ai""]"
https://forum.effectivealtruism.org/posts/JN3kHaiosmdA7kgNY/the-game-board-has-been-flipped-now-is-a-good-time-to,The Game Board has been Flipped: Now is a good time to rethink what you‚Äôre doing ‚Äî EA Forum,,Starred,1738142211,"[""ai"", ""ea"", ""careers""]"
https://blog.nelhage.com/post/personal-software-with-claude/,Building personal software with Claude,,Starred,1738090452,"[""ai"", ""coding""]"
https://www.transformernews.ai/p/unravelling-the-stargate-spin?r=1o9kun&utm_medium=email,Unravelling the Stargate spin,,Starred,1737897075,"[""ai""]"
https://dynomight.substack.com/p/ranking?isFreemail=true&post_id=155534981&publication_id=327510&r=1o9kun&triedRedirect=true&utm_campaign=email-post-title&utm_medium=email&utm_source=post-email-title,Algorithmic ranking is unfairly maligned,,Starred,1737896857,"[""ai""]"
https://www.transformernews.ai/p/the-way-we-evaluate-ai-model-safety?r=1o9kun&utm_medium=email,The way we evaluate AI model safety might be about to break,,Starred,1737896325,"[""ai""]"
https://www.transformernews.ai/p/does-elon-still-care-about-ai-safety?r=1o9kun&utm_medium=email,Does Elon still care about AI safety?,,Starred,1737896062,"[""ai""]"
https://www.lesswrong.com/posts/8wBN8cdNAv3c7vt6p/the-case-against-ai-control-research,The Case Against AI Control Research ‚Äî LessWrong,,Starred,1737516494,"[""ai""]"
https://www.oneusefulthing.org/p/prophecies-of-the-flood,Prophecies of the Flood,,Starred,1737367038,"[""ai""]"
https://press.asimov.com/articles/gentle-romance,The Gentle Romance,,Unread,1737317979,[]
https://paulgraham.com/vb.html,Life is Short,,Starred,1737286859,"[""favourites"", ""optimisation""]"
https://www.benkuhn.net/impatient/,Be impatient,,Starred,1740431020,"[""optimisation""]"
https://blog.samaltman.com/how-to-be-successful,How To Be Successful,,Starred,1737286852,"[""favourites"", ""work"", ""optimisation""]"
https://mindingourway.com/rest-in-motion/,Rest in motion,,Unread,1737286850,[]
https://gwern.net/longevity,Life Extension Cost-Benefits ¬∑ Gwern.net,,Unread,1737285570,[]
https://www.transformernews.ai/p/ais-big-infrastructure-week?publication_id=1688188&utm_campaign=email-post-title&r=1o9kun&utm_medium=email,AI‚Äôs big infrastructure week,,Starred,1737283241,"[""ai""]"
https://inferencemagazine.substack.com/p/agi-is-an-engineering-problem?isFreemail=true&post_id=155012365&publication_id=3355038&r=1o9kun&triedRedirect=true&utm_campaign=email-post-title&utm_medium=email&utm_source=post-email-title,AGI is an Engineering Problem,,Starred,1737283217,"[""ai""]"
https://inferencemagazine.substack.com/p/how-much-economic-growth-from-ai?isFreemail=true&post_id=155018281&publication_id=3355038&r=1o9kun&triedRedirect=true&utm_campaign=email-post-title&utm_medium=email&utm_source=post-email-title,"How much economic growth from AI should we expect, how soon?",,Unread,1737283206,[]
https://www.benkuhn.net/bigco/,Small company or big company?,,Starred,1737024676,"[""careers"", ""work""]"
https://www.benkuhn.net/weeklyessays/,My favorite essays of life advice,,Unread,1737024640,[]
https://www.benkuhn.net/grad/,Grad school is worse for public health than STDs,,Starred,1736940986,"[""ea"", ""careers""]"
https://www.benkuhn.net/11/,The unreasonable effectiveness of one-on-ones,,Starred,1736889095,"[""optimisation"", ""people""]"
https://benjamintodd.substack.com/p/how-quickly-could-robots-scale-up,How quickly could robots scale up?,,Starred,1736867693,"[""ai""]"
http://togelius.blogspot.com/2018/05/empiricism-and-limits-of-gradient.html,Empiricism and the limits of gradient descent,,Unread,1736939991,[]
https://transformer-circuits.pub/2024/model-diffing/index.html,Stage-Wise Model Diffing,,Starred,1736712830,"[""ai"", ""interp""]"
https://ninapanickssery.substack.com/p/tools-i-use-for-side-projects,Tools I use for side projects,,Starred,1736632190,"[""ai"", ""coding""]"
https://www.transformernews.ai/p/scott-wiener-gears-up-for-round-2?publication_id=1688188&utm_campaign=email-post-title&r=1o9kun&utm_medium=email,Scott Wiener gears up for round 2,,Starred,1736529940,"[""ai""]"
https://lukedrago.substack.com/p/the-intelligence-curse,The Intelligence Curse,,Starred,1736518384,"[""ai""]"
https://www.benkuhn.net/abyss/,Staring into the abyss as a core life skill,,Starred,1736518229,"[""favourites"", ""people"", ""optimisation""]"
https://darioamodei.com/machines-of-loving-grace,Dario Amodei ‚Äî Machines of Loving Grace,,Starred,1736518217,"[""favourites"", ""ai""]"
https://www.lesswrong.com/posts/i3b9uQfjJjJkwZF4f/tips-on-empirical-research-slides,Tips On Empirical Research Slides ‚Äî LessWrong,,Starred,1736376203,"[""research""]"
https://www.lesswrong.com/posts/QxJFjqT6oFY3jo47s/ai-safety-as-a-yc-startup-1,AI Safety as a YC Startup ‚Äî LessWrong,,Starred,1736356271,"[""ai"", ""work""]"
https://herbiebradley.substack.com/p/ai-strategy-for-a-new-american-president?isFreemail=true&post_id=151323352&publication_id=3060438&r=1o9kun&triedRedirect=true&utm_campaign=1688188&utm_medium=email&utm_source=cross-post,AI Strategy for a New American President,,Unread,1736351056,[]
https://www.benkuhn.net/lux/,Your room can be as bright as the outdoors,,Starred,1736206563,"[""optimisation""]"
https://lewishammond.com/2024/12/29/advice-for-doing-a-phd-in-ai-safety/,Advice (for doing a PhD (in AI (Safety))),"As noted further above, most the advice above is selected from the resources linked below (the list is in no particular order):",Starred,1736085211,"[""ai"", ""careers""]"
https://www.givingwhatwecan.org/blog/taking-the-10-pledge-as-a-student,Why I took the üî∏10% Pledge before earning an income,,Starred,1736032756,"[""ea""]"
https://www.givingwhatwecan.org/blog/how-i-moved-from-donating-3-to-a-10-pledge,How I moved from donating 3% to a 10% Pledge,,Starred,1736032751,"[""ea""]"
https://www.givingwhatwecan.org/why-pledge,Want to increase the impact of your donations? Take a giving pledge.,,Starred,1736032745,"[""ea""]"
https://www.lesswrong.com/posts/tHiB8jLocbPLagYDZ/the-online-sports-gambling-experiment-has-failed,The Online Sports Gambling Experiment Has Failed ‚Äî LessWrong,,Starred,1735948611,"[""money""]"
https://www.transformernews.ai/p/transformer-weekly-jan-3,Transformer Weekly ‚Äî Jan 3,,Starred,1735941520,"[""ai""]"
https://www.astralcodexten.com/p/its-still-easier-to-imagine-the-end,It's Still Easier To Imagine The End Of The World Than The End Of Capitalism,,Starred,1735826787,"[""ai""]"
https://nosetgauge.substack.com/p/review-good-strategy-bad-strategy,"Review: Good Strategy, Bad Strategy",,Unread,1735770988,[]
https://nosetgauge.substack.com/p/review-planecrash,Review: Planecrash,,Unread,1735770988,[]
https://www.niemanlab.org/2024/12/the-media-reckons-with-agi/,The media reckons with AGI,,Starred,1735787052,"[""ai""]"
https://www.benkuhn.net/emco/,Why and how to start a startup serving emerging markets,,Starred,1735787052,"[""ea"", ""work""]"
https://www.lesswrong.com/posts/7LZHS4afrXCNuuGK9/book-summary-zero-to-one,Book Summary: Zero to One ‚Äî LessWrong,,Starred,1735675749,"[""odyssey"", ""work""]"
https://space.ong.ac/escaping-flatland,escaping flatland: career advice for CS undergrads,,Starred,1735668144,"[""careers"", ""favourites""]"
https://forum.effectivealtruism.org/posts/sQg4Hi5D2oD6xrbTY/notes-on-not-taking-the-gwwc-pledge-yet,Notes on not taking the GWWC pledge (yet) ‚Äî EA Forum,,Starred,1735664561,"[""ea"", ""money""]"
https://forum.effectivealtruism.org/posts/tNfDWLzBMi9HnoTkE/uk-income-tax-and-donations,UK Income Tax & Donations ‚Äî EA Forum,,Starred,1735664336,"[""money"", ""ea""]"
https://forum.effectivealtruism.org/posts/sdNYqwaTJ5j4hGZit/how-i-feel-about-my-gwwc-pledge,How I feel about my GWWC Pledge ‚Äî EA Forum,,Starred,1735664032,"[""ea"", ""money""]"
https://www.lesswrong.com/posts/jvHLBEXXEtZtt4KFP/investing-for-a-world-transformed-by-ai,Investing for a World Transformed by AI ‚Äî LessWrong,,Starred,1735601119,"[""ai"", ""money""]"
https://nosetgauge.substack.com/p/capital-agi-and-human-ambition,"Capital, AGI, and human ambition",,Starred,1735411633,"[""ai"", ""careers"", ""favourites""]"
https://80000hours.org/2019/08/how-replaceable-are-top-candidates-in-large-hiring-rounds/,How replaceable are the top candidates in large hiring rounds? Why the answer flips depending on the distribution of applicant ability,,Starred,1735396588,"[""careers"", ""ea""]"
https://www.lesswrong.com/posts/sAcPTiN86fAMSA599/what-goes-without-saying,What Goes Without Saying ‚Äî LessWrong,,Starred,1735248584,"[""rationality"", ""favourites""]"
https://www.lesswrong.com/posts/nwpyhyagpPYDn4dAW/the-field-of-ai-alignment-a-postmortem-and-what-to-do-about,"The Field of AI Alignment: A Postmortem, and What To Do About It ‚Äî LessWrong",,Starred,1735248107,"[""ai""]"
https://thezvi.substack.com/p/ai-practical-advice-for-the-worried,AI: Practical Advice for the Worried,,Starred,1735151364,"[""ai"", ""optimisation""]"
https://www.lesswrong.com/posts/CTBta9i8sav7tjC2r/how-to-hopefully-ethically-make-money-off-of-agi,How to (hopefully ethically) make money off of AGI ‚Äî LessWrong,,Starred,1735151361,"[""ai"", ""money""]"
https://thezvi.substack.com/p/on-ai-and-interest-rates,On AI and Interest Rates,,Starred,1735151359,"[""ai"", ""money""]"
https://www.educatingsilicon.com/2024/11/28/investing-for-the-ai-transition/,Investing for the AI transition ‚Äì Educating Silicon,,Starred,1735151353,"[""ai"", ""money""]"
https://benjamintodd.substack.com/p/how-can-an-ordinary-person-prepare,How can an ordinary person prepare for AGI?,,Starred,1735151158,"[""ai"", ""optimisation""]"
https://www.benkuhn.net/wnf/,*Why Nations Fail* and the long-termist view of global poverty,,Starred,1735153463,"[""ea"", ""favourites"", ""money""]"
https://mindingourway.com/dive-in-2/,Dive in,,Unread,1734871888,[]
https://www.lesswrong.com/posts/jb4bBdeEEeypNkqzj/orienting-to-3-year-agi-timelines,Orienting to 3 year AGI timelines ‚Äî LessWrong,,Starred,1734870013,"[""ai""]"
https://www.lesswrong.com/posts/gPPdYTwPkdvAEYyEK/fucking-goddamn-basics-of-rationalist-discourse,Fucking Goddamn Basics of Rationalist Discourse ‚Äî LessWrong,,Starred,1734642383,"[""rationality"", ""people""]"
https://www.lesswrong.com/posts/t2LGSDwT7zSnAGybG/split-and-commit,Split and Commit ‚Äî LessWrong,,Unread,1734520172,"[""*"", ""optimisation""]"
https://www.benkuhn.net/zero/,Zero-effort habits,,Starred,1734471591,"[""optimisation""]"
https://www.lesswrong.com/posts/c8EeJtqnsKyXdLtc5/how-long-can-people-usefully-work,How Long Can People Usefully Work? ‚Äî LessWrong,,Starred,1734456185,"[""ea"", ""optimisation""]"
https://www.lesswrong.com/posts/yA8DWsHJeFZhDcQuo/the-talk-a-brief-explanation-of-sexual-dimorphism,The Talk: a brief explanation of sexual dimorphism ‚Äî LessWrong,,Starred,1734455195,"[""science""]"
https://www.lesswrong.com/posts/XPv4sYrKnPzeJASuk/basics-of-rationalist-discourse-1,Basics of Rationalist Discourse ‚Äî LessWrong,,Starred,1734126969,"[""people"", ""rationality"", ""favourites""]"
https://www.lesswrong.com/posts/MMAK6eeMCH3JGuqeZ/everything-i-need-to-know-about-takeoff-speeds-i-learned,Everything I Need To Know About Takeoff Speeds I Learned From Air Conditioner Ratings On Amazon ‚Äî LessWrong,,Unread,1734120842,[]
https://www.lesswrong.com/posts/6mysMAqvo9giHC4iX/what-s-general-purpose-search-and-why-might-we-expect-to-see,"What's General-Purpose Search, And Why Might We Expect To See It In Trained ML Systems? ‚Äî LessWrong",,Unread,1734120836,[]
https://paulgraham.com/selfindulgence.html,How to Lose Time and Money,,Starred,1734115776,"[""optimisation""]"
https://paulgraham.com/kids.html,Having Kids,,Starred,1734115773,"[""people""]"
https://www.lesswrong.com/posts/Zp6wG5eQFLGWwcG6j/focus-on-the-places-where-you-feel-shocked-everyone-s,Focus on the places where you feel shocked everyone's dropping the ball ‚Äî LessWrong,,Starred,1734003834,"[""favourites"", ""work""]"
https://www.youtube.com/watch?v=139UPjoq7Kw,Building Machine Learning Systems for a Trillion Trillion Floating Point Operations,,Starred,1733968980,"[""ai"", ""coding""]"
https://www.benkuhn.net/behavioral/,How I build and run behavioral interviews,,Starred,1733947043,"[""careers"", ""work""]"
https://www.benkuhn.net/job/,My job hunt experience,,Starred,1733946487,"[""careers""]"
https://medium.com/@carson.loughridge/shapley-values-unlocking-intuition-with-venn-diagrams-86e76d8c99c5,Shapley Values: Unlocking Intuition with Venn Diagrams,,Starred,1733941127,"[""favourites"", ""science""]"
https://danwang.co/college-girardian-terror/,College as an incubator of Girardian terror | Dan Wang,,Archive,1739029879,"[""odyssey""]"
https://www.lesswrong.com/posts/HJNtrNHf688FoHsHM/guide-to-rationalist-interior-decorating,Guide to rationalist interior decorating ‚Äî LessWrong,,Starred,1733748188,"[""other"", ""favourites""]"
https://www.lesswrong.com/posts/5jjk4CDnj9tA7ugxr/openai-email-archives-from-musk-v-altman,OpenAI Email Archives (from Musk v. Altman) ‚Äî LessWrong,,Unread,1733447944,[]
https://jsteinhardt.stat.berkeley.edu/blog/advice-for-authors,Advice for Authors,,Starred,1733446157,"[""research""]"
https://www.lesswrong.com/posts/6Xgy6CAf2jqHhynHL/what-2026-looks-like,What 2026 looks like ‚Äî LessWrong,,Starred,1733407833,"[""ai"", ""fiction""]"
https://forum.effectivealtruism.org/posts/zBizzn2BT6pjbqS8n/miri-s-2024-end-of-year-update,MIRI‚Äôs 2024 End-of-Year Update ‚Äî EA Forum,,Starred,1733334074,"[""ai""]"
https://forum.effectivealtruism.org/posts/qXWgFyQNgoijBzgwv/the-grant-decision-boundary-recent-cases-from-the-long-term,The Grant Decision Boundary: Recent Cases from the Long-Term Future Fund ‚Äî EA Forum,,Archive,1733334049,[]
https://forum.effectivealtruism.org/posts/S6GMTQf2ryKbykpiW/what-is-the-admissions-bar-for-ea-global,What is the admissions bar for EA Global? ‚Äî EA Forum,,Starred,1733334045,"[""ea""]"
https://goodresearch.dev/index.html,The Good Research Code Handbook,,Unread,1733219683,[]
https://www.benkuhn.net/syntax/,Syntax highlighting is backwards,,Starred,1733211000,"[""coding""]"
https://www.lesswrong.com/posts/EbFABnst8LsidYs5Y/goodhart-taxonomy,Goodhart Taxonomy ‚Äî LessWrong,,Starred,1733149148,"[""ai""]"
https://80000hours.org/career-reviews/working-at-an-ai-lab/,Should you work at a frontier AI company? - Career review,,Starred,1733083629,"[""careers"", ""ai""]"
https://www.lesswrong.com/posts/Be3ertyJfwDdQucdd/how-should-turntrout-handle-his-deepmind-equity-situation,How should TurnTrout handle his DeepMind equity situation? ‚Äî LessWrong,,Starred,1733025818,"[""careers"", ""money""]"
https://www.lesswrong.com/posts/5n2ZQcbc7r4R8mvqc/the-lightcone-is-nothing-without-its-people-lw-lighthaven-s-5,(The) Lightcone is nothing without its people: LW + Lighthaven's first big fundraiser ‚Äî LessWrong,,Starred,1733003148,"[""rationality"", ""ea""]"
https://www.lesswrong.com/posts/PdtkXcgbRpdHWRNt6/you-should-consider-applying-to-phds-soon,You should consider applying to PhDs soon. ‚Äî LessWrong,,Starred,1732913221,"[""ai"", ""careers""]"
https://www.lesswrong.com/posts/2GxhAyn9aHqukap2S/looking-back-on-my-alignment-phd,Looking back on my alignment PhD ‚Äî LessWrong,,Starred,1732904483,"[""ai""]"
https://www.gleave.me/post/why-do-phd/,More people getting into AI safety should do a PhD | Adam Gleave,,Starred,1732876983,"[""ai"", ""careers""]"
http://amid.fish/reproducing-deep-rl,Lessons Learned Reproducing a Deep Reinforcement Learning Paper,,Starred,1732875798,"[""ai"", ""coding""]"
https://www.lesswrong.com/posts/hhvaczrvptQqXNte2/causal-inference-for-the-home-gardener,Causal inference for the home gardener ‚Äî LessWrong,,Starred,1732832783,"[""science""]"
https://www.lesswrong.com/posts/t7zd5EupH4JjcxRH4/dave-kasten-s-agi-by-2027-vignette,Dave Kasten's AGI-by-2027 vignette ‚Äî LessWrong,,Starred,1732754981,"[""ai"", ""fiction""]"
https://www.lesswrong.com/posts/5t73TZCf5yE69HbFP/arena-4-0-impact-report-1,ARENA 4.0 Impact Report ‚Äî LessWrong,,Starred,1732752981,"[""ai""]"
https://distill.pub/2017/research-debt,Research Debt,,Starred,1732746909,"[""research""]"
https://malcolmocean.com/2015/11/just-do-a-thing-nobodys-expecting/,Just Do A Thing (that nobody's expecting you to do) - Malcolm Ocean,,Unread,1732704738,[]
https://lynettebye.com/blog/2020/11/16/theory-of-change-as-a-hypothesis,Theory of change as a hypothesis: Choosing a high-impact path when you‚Äôre uncertain ‚Äî Lynette Bye,,Archive,1732703651,"[""careers"", ""ea""]"
https://ia.samaltman.com/,The Intelligence Age,,Unread,1732663357,"[""*""]"
https://akbir.dev/post/%EF%B8%8F-why-im-considering-a-phd/,‚ôüÔ∏è why i'm considering a PhD,,Starred,1732602281,"[""ai"", ""careers""]"
https://sive.rs/kimo,There‚Äôs no speed limit | Derek Sivers,,Starred,1732578967,"[""optimisation""]"
https://www.benkuhn.net/oo/,Surviving an open-plan office,,Starred,1732602071,"[""work"", ""optimisation""]"
https://www.benkuhn.net/job2/,What to care about in a job,,Starred,1732564712,"[""careers""]"
http://www.alexirpan.com/2021/04/07/grad-school-5years.html,The 5 Year Update on Skipping Grad School (and Whether I'd Recommend It),,Starred,1732547715,"[""careers""]"
http://colah.github.io/notes/taste/,Research Taste Exercises [rough note],,Starred,1732547700,"[""research""]"
https://forum.effectivealtruism.org/posts/PMFoxr62AeLEwPAH9/potential-employees-have-a-unique-lever-to-influence-the,Potential employees have a unique lever to influence the behaviors of AI labs ‚Äî EA Forum,,Starred,1732547688,"[""ai"", ""careers""]"
https://acritch.com/leveraging-academia/,Leveraging academia | Andrew Critch,,Starred,1732547665,"[""careers"", ""ai""]"
https://forum.effectivealtruism.org/posts/B7AQF7HNiLRbKMKJt/how-to-phd,How to PhD ‚Äî EA Forum,,Starred,1732547647,"[""careers""]"
https://acritch.com/deliberate-grad-school/,Deliberate Grad School | Andrew Critch,,Starred,1732547637,"[""careers""]"
https://www.alignmentforum.org/posts/3onCb5ph3ywLQZMX2/alignment-newsletter-one-year-retrospective,Alignment Newsletter One Year Retrospective ‚Äî AI Alignment Forum,,Starred,1732547591,"[""ai""]"
https://www.lesswrong.com/posts/HzojQFXNoXjnfQvGm/picking-mentors-for-research-programmes,Picking Mentors For Research Programmes ‚Äî LessWrong,,Starred,1732547532,"[""ai"", ""work""]"
https://www.alignmentforum.org/posts/LbSWMfbAHQnFpApQ7/concrete-advice-for-forming-inside-views-on-ai-safety,Concrete Advice for Forming Inside Views on AI Safety ‚Äî AI Alignment Forum,,Starred,1732547186,"[""ai"", ""research""]"
https://forum.effectivealtruism.org/posts/ckj6Moau9qpYArHWc/want-to-be-an-expert-build-deep-models,Want To Be An Expert? Build Deep Models ‚Äî EA Forum,,Starred,1732547145,"[""careers"", ""research""]"
https://forum.effectivealtruism.org/posts/jfHPBbYFzCrbdEXXd/how-to-succeed-as-an-early-stage-researcher-the-lean-startup,How to succeed as an early-stage researcher: the ‚Äúlean startup‚Äù approach ‚Äî EA Forum,,Starred,1732547138,"[""research""]"
https://www.cold-takes.com/reading-books-vs-engaging-with-them/,Reading books vs. engaging with them,,Starred,1732547104,"[""optimisation""]"
https://www.cold-takes.com/honesty-about-reading/,Honesty about reading,,Starred,1732547101,"[""other""]"
https://www.lesswrong.com/posts/FMkQtPvzsriQAow5q/the-correct-response-to-uncertainty-is-not-half-speed,The correct response to uncertainty is *not* half-speed ‚Äî LessWrong,,Starred,1732546939,"[""favourites"", ""optimisation""]"
https://rohinshah.com/faq-career-advice-for-ai-alignment-researchers/,FAQ: Advice for AI alignment researchers ‚Äì Rohin Shah,,Starred,1732546699,"[""research"", ""ai"", ""careers""]"
https://www.lesswrong.com/posts/4jFnquoHuoaTqdphu/ai-x-risk-reduction-why-i-chose-academia-over-industry,AI x-risk reduction: why I chose academia over industry ‚Äî LessWrong,,Starred,1732402978,"[""ai"", ""careers""]"
https://hpmor.com/chapter/113,"Harry Potter and the Methods of Rationality, Chapter 113: Final Exam",,Starred,1732271201,"[""fiction""]"
https://dynomight.net/more-chess/,"OK, I can partly explain the LLM chess weirdness now",,Starred,1732220184,"[""ai""]"
https://www.lesswrong.com/posts/R5yL6oZxqJfmqnuje/cultivating-a-state-of-mind-where-new-ideas-are-born,Cultivating a state of mind where new ideas are born ‚Äî LessWrong,,Starred,1732205383,"[""optimisation"", ""work""]"
https://hpmor.com/chapter/111,"Harry Potter and the Methods of Rationality, Chapter 111: Failure, Pt 1",,Starred,1732193143,"[""fiction""]"
https://hpmor.com/chapter/112,"Harry Potter and the Methods of Rationality, Chapter 112: Failure, Pt 2",,Starred,1732193142,"[""fiction""]"
https://www.kalzumeus.com/2012/01/23/salary-negotiation/,"Salary Negotiation: Make More Money, Be More Valued | Kalzumeus Software",,Starred,1732140838,"[""careers"", ""money"", ""favourites""]"
https://hpmor.com/chapter/110,"Harry Potter and the Methods of Rationality, Chapter 110: Reflections, Pt 2",,Starred,1732096662,"[""fiction""]"
https://www.paulgraham.com/identity.html,Keep Your Identity Small,,Starred,1732018867,"[""people"", ""optimisation""]"
https://www.benkuhn.net/econ101/,When simple econ models don't work,,Starred,1736513167,"[""money""]"
http://karpathy.github.io/2016/09/07/phd/,A Survival Guide to a PhD,,Starred,1731881538,"[""research""]"
https://www.lesswrong.com/posts/YMo5PuXnZDwRjhHhE/lesswrong-s-first-album-i-have-been-a-good-bing,LessWrong's (first) album: I Have Been A Good Bing ‚Äî LessWrong,"Let me not hold on, me hearties",Starred,1731865168,"[""rationality""]"
https://www.youtube.com/watch?t=1326s&v=a42key59cZQ,Gwern Branwen - How an Anonymous Researcher Predicted AI's Trajectory - YouTube,,Starred,1731766572,"[""ai""]"
https://www.youtube.com/watch?v=0pgEMWy70Qk,"Using Dangerous AI, But Safely?",,Starred,1731751185,"[""ai""]"
https://www.lesswrong.com/posts/Ha4Lk6D4eZd2LRTqq/consider-tabooing-i-think,"Consider tabooing ""I think"" ‚Äî LessWrong",,Starred,1731606033,"[""people"", ""optimisation""]"
https://dynomight.net/chess/,Something weird is happening with LLMs and chess,,Starred,1731604912,"[""ai""]"
https://www.benkuhn.net/thinkrealhard/,Think real hard,,Archive,1733783651,"[""coding"", ""optimisation"", ""work""]"
https://www.paulgraham.com/schlep.html,Schlep Blindness,,Starred,1731584145,"[""research"", ""work""]"
https://hpmor.com/chapter/109,"Harry Potter and the Methods of Rationality, Chapter 109: Reflections",,Starred,1731543576,"[""fiction""]"
https://hpmor.com/chapter/108,"Harry Potter and the Methods of Rationality, Chapter 108: The Truth, Pt 5, Answers and Riddles",,Starred,1731543570,"[""fiction""]"
https://hpmor.com/chapter/107,"Harry Potter and the Methods of Rationality, Chapter 107: The Truth, Pt 4",,Starred,1731543564,"[""fiction""]"
https://hpmor.com/chapter/106,"Harry Potter and the Methods of Rationality, Chapter 106: The Truth, Pt 3",,Starred,1731543561,"[""fiction""]"
https://hpmor.com/chapter/105,"Harry Potter and the Methods of Rationality, Chapter 105: The Truth, Pt 2",,Starred,1731543557,"[""fiction""]"
https://hpmor.com/chapter/104,"Harry Potter and the Methods of Rationality, Chapter 104: The Truth, Pt 1, Riddles and Answers",,Starred,1731543553,"[""fiction""]"
https://hpmor.com/chapter/103,"Harry Potter and the Methods of Rationality, Chapter 103: Tests",,Starred,1731540593,"[""fiction""]"
https://hpmor.com/chapter/102,"Harry Potter and the Methods of Rationality, Chapter 102: Caring",,Starred,1731540586,"[""fiction""]"
https://www.lesswrong.com/posts/9PWnesdwmY5SHSNyx/basics-of-handling-disagreements-with-people,Basics of Handling Disagreements with People ‚Äî LessWrong,,Unread,1731539643,[]
https://www.lesswrong.com/posts/4XRjPocTprL4L8tmB/science-in-a-high-dimensional-world,Science in a High-Dimensional World ‚Äî LessWrong,,Unread,1731504915,"[""*""]"
https://www.lesswrong.com/posts/FDrgcfY8zs5e2eJDd/charbel-raphael-and-lucius-discuss-interpretability,Charbel-Rapha√´l and Lucius discuss interpretability ‚Äî LessWrong,,Starred,1731463161,"[""interp"", ""ai""]"
https://www.lesswrong.com/posts/tEPHGZAb63dfq2v8n/how-useful-is-mechanistic-interpretability,How useful is mechanistic interpretability? ‚Äî LessWrong,,Starred,1731462297,"[""ai"", ""interp""]"
https://www.lesswrong.com/posts/w4aeAFzSAguvqA5qu/how-to-go-from-interpretability-to-alignment-just-retarget,How To Go From Interpretability To Alignment: Just Retarget The Search ‚Äî LessWrong,,Starred,1731462240,"[""ai"", ""interp""]"
https://www.benkuhn.net/hard/,You don't need to work on hard problems,,Starred,1731354101,"[""ea"", ""careers"", ""favourites""]"
https://www.benkuhn.net/autocomplete/,Autocomplete as an interface,,Starred,1731354051,"[""coding""]"
https://sebastianfarquhar.com/on-research/2024/11/04/how_to_write_ml_papers/,How to Write ML Papers,,Starred,1731347115,"[""research""]"
https://www.alignmentforum.org/posts/gJJEjJpKiddoYGZKk/the-evals-gap,The Evals Gap ‚Äî AI Alignment Forum,,Starred,1731344968,"[""ai""]"
https://www.lesswrong.com/posts/5FAnfAStc7birapMx/the-hostile-telepaths-problem,The hostile telepaths problem ‚Äî LessWrong,,Unread,1731338331,[]
https://hpmor.com/chapter/101,"Harry Potter and the Methods of Rationality, Chapter 101: Precautionary Measures, Pt 2",,Starred,1731311268,"[""fiction""]"
https://hpmor.com/chapter/100,"Harry Potter and the Methods of Rationality, Chapter 100: Precautionary Measures, Pt 1",,Starred,1731311262,"[""fiction""]"
https://hpmor.com/chapter/99,"Harry Potter and the Methods of Rationality, Chapter 99: Roles, Aftermath",,Starred,1731311257,"[""fiction""]"
https://sheznotes.medium.com/can-we-use-search-algorithms-to-find-ourselves-192928a7fbda,Using Search Algorithms to Find Yourself,,Starred,1731156656,"[""careers""]"
http://johnsalvatier.org/blog/2017/reality-has-a-surprising-amount-of-detail,Reality has a surprising amount of detail,,Starred,1731113573,"[""other""]"
https://www.lesswrong.com/posts/4K5pJnKBGkqqTbyxx/to-listen-well-get-curious,"To listen well, get curious ‚Äî LessWrong",,Starred,1731102720,"[""people"", ""optimisation""]"
https://www.lesswrong.com/posts/HBxe6wdjxK239zajf/what-failure-looks-like,What failure looks like ‚Äî LessWrong,,Starred,1731096868,"[""ai""]"
http://www.beren.io/2023-04-10-the-singularity-as-cognitive-decoupling/,The singularity as cognitive decoupling,,Starred,1731096771,"[""ai""]"
https://hpmor.com/chapter/98,"Harry Potter and the Methods of Rationality, Chapter 98: Roles, Final",,Starred,1731016721,"[""fiction""]"
https://hpmor.com/chapter/97,"Harry Potter and the Methods of Rationality, Chapter 97: Roles, Pt 8",,Starred,1731016720,"[""fiction""]"
https://hpmor.com/chapter/96,"Harry Potter and the Methods of Rationality, Chapter 96: Roles, Pt 7",,Starred,1731016718,"[""fiction""]"
https://hpmor.com/chapter/95,"Harry Potter and the Methods of Rationality, Chapter 95: Roles, Pt 6",,Starred,1731016717,"[""fiction""]"
https://hpmor.com/chapter/94,"Harry Potter and the Methods of Rationality, Chapter 94: Roles, Pt 5",,Starred,1731016716,"[""fiction""]"
https://hpmor.com/chapter/93,"Harry Potter and the Methods of Rationality, Chapter 93: Roles, Pt 4",,Starred,1731016715,"[""fiction""]"
https://hpmor.com/chapter/92,"Harry Potter and the Methods of Rationality, Chapter 92: Roles, Pt 3",,Starred,1731016714,"[""fiction""]"
https://hpmor.com/chapter/91,"Harry Potter and the Methods of Rationality, Chapter 91: Roles, Pt 2",,Starred,1731016713,"[""fiction""]"
https://hpmor.com/chapter/90,"Harry Potter and the Methods of Rationality, Chapter 90: Roles, Pt 1",,Starred,1731016712,"[""fiction""]"
https://hpmor.com/chapter/89,"Harry Potter and the Methods of Rationality, Chapter 89: Time Pressure, Pt 2",,Starred,1731016711,"[""fiction""]"
https://hpmor.com/chapter/88,"Harry Potter and the Methods of Rationality, Chapter 88: Time Pressure, Pt 1",,Starred,1731016708,"[""fiction""]"
https://dynomight.substack.com/p/bad?isFreemail=true&post_id=151327227&publication_id=327510&r=1o9kun&triedRedirect=true&utm_campaign=email-post-title&utm_medium=email&utm_source=post-email-title,Attitudes one can take towards people who have behaved badly,,Starred,1730999618,"[""people""]"
https://alignment.anthropic.com/2024/safety-cases/,Three Sketches of ASL-4 Safety Case Components,,Starred,1730855961,"[""ai""]"
https://slatestarcodex.com/2015/06/02/and-i-show-you-how-deep-the-rabbit-hole-goes/,‚Ä¶And I Show You How Deep The Rabbit Hole Goes,,Unread,1730828892,[]
https://www.astralcodexten.com/p/son-of-bride-of-bay-area-house-party,Son Of Bride Of Bay Area House Party,,Starred,1730828884,"[""fiction""]"
https://www.astralcodexten.com/p/bride-of-bay-area-house-party,Bride Of Bay Area House Party,,Starred,1730828883,"[""fiction""]"
https://www.astralcodexten.com/p/even-more-bay-area-house-party,Even More Bay Area House Party,,Starred,1730828882,"[""fiction""]"
https://www.astralcodexten.com/p/another-bay-area-house-party,Another Bay Area House Party,,Starred,1730828880,"[""fiction""]"
https://www.astralcodexten.com/p/my-presidential-platform,My Presidential Platform,,Starred,1730828866,"[""fiction""]"
https://www.astralcodexten.com/p/every-bay-area-house-party?triedRedirect=true,Every Bay Area House Party,,Starred,1730816204,"[""fiction""]"
https://hpmor.com/chapter/87,"Harry Potter and the Methods of Rationality, Chapter 87: Hedonic Awareness",,Starred,1730811458,"[""fiction""]"
https://hpmor.com/chapter/86,"Harry Potter and the Methods of Rationality, Chapter 86: Multiple Hypothesis Testing",,Starred,1730811456,"[""fiction""]"
https://rudolf.website/disneyland-without-children/,A Disneyland Without Children - Rudolf's Writing,,Starred,1730762624,"[""fiction"", ""ai"", ""favourites""]"
https://www.lesswrong.com/posts/n7DFwtJvCzkuKmtbG/a-gentle-introduction-to-mechanistic-anomaly-detection,A gentle introduction to mechanistic anomaly detection ‚Äî LessWrong,,Starred,1730755413,"[""ai""]"
https://www.lesswrong.com/posts/BarHSeciXJqzRuLzw/survival-without-dignity,Survival without dignity ‚Äî LessWrong,,Starred,1730715933,"[""fiction"", ""ai""]"
https://www.lesswrong.com/posts/tHncgnNSZN6oPgfZX/science-advances-one-funeral-at-a-time,Science advances one funeral at a time ‚Äî LessWrong,"Dan Shechtman discovered quasicrystals in 1982 and was told by double Nobel laureate Linus Pauling ""there are no quasi-crystals, only quasi-scientists."" They kicked him out of his research group. In 2011, he got his own Nobel Prize in Chemistry.",Starred,1730658659,"[""science""]"
https://www.lesswrong.com/posts/vZcXAc6txvJDanQ4F/the-median-researcher-problem-1,The Median Researcher Problem ‚Äî LessWrong,,Archive,1730635203,"[""science"", ""research""]"
https://dynomight.substack.com/p/sloth,Sloth was not the right answer,,Starred,1730407570,"[""other""]"
https://rudolf.website/wisdom3/,AI & wisdom 3: AI effects on amortised optimisation - Rudolf's Writing,,Starred,1730155250,"[""ai""]"
https://rudolf.website/wisdom2/,AI & wisdom 2: growth and amortised optimisation - Rudolf's Writing,,Starred,1730155243,"[""ai""]"
https://rudolf.website/wisdom1/,"AI & wisdom 1: wisdom, amortised optimisation, and AI - Rudolf's Writing",,Starred,1730155235,"[""ai""]"
https://www.lesswrong.com/posts/E4cKD9iTWHaE7f3AJ/melatonin-much-more-than-you-wanted-to-know,Melatonin: Much More Than You Wanted To Know ‚Äî LessWrong,,Starred,1730149756,"[""health""]"
https://hpmor.com/chapter/85,"Harry Potter and the Methods of Rationality, Chapter 85: Taboo Tradeoffs, Aftermath 3, Distance",,Starred,1730145307,"[""fiction""]"
https://hpmor.com/chapter/84,"Harry Potter and the Methods of Rationality, Chapter 84: Taboo Tradeoffs, Aftermath 2",,Starred,1730145307,"[""fiction""]"
https://hpmor.com/chapter/83,"Harry Potter and the Methods of Rationality, Chapter 83: Taboo Tradeoffs, Aftermath 1",,Starred,1730145306,"[""fiction""]"
https://dynomight.substack.com/p/digits?publication_id=327510&utm_campaign=email-post-title&r=1o9kun&utm_medium=email,Please show lots of digits,,Starred,1729790227,"[""science""]"
https://www.lesswrong.com/posts/ztokaf9harKTmRcn4/a-bird-s-eye-view-of-arc-s-research,A bird's eye view of ARC's research ‚Äî LessWrong,,Starred,1729786357,"[""ai"", ""interp""]"
https://hpmor.com/chapter/82,"Harry Potter and the Methods of Rationality, Chapter 82: Taboo Tradeoffs, Final",,Starred,1729352981,"[""fiction""]"
https://hpmor.com/chapter/80,"Harry Potter and the Methods of Rationality, Chapter 80: Taboo Tradeoffs, Pt 2, The Horns Effect",,Starred,1729352980,"[""fiction""]"
https://hpmor.com/chapter/81,"Harry Potter and the Methods of Rationality, Chapter 81: Taboo Tradeoffs, Pt 3",,Starred,1729352980,"[""fiction""]"
https://hpmor.com/chapter/79,"Harry Potter and the Methods of Rationality, Chapter 79: Taboo Tradeoffs, Pt 1",,Starred,1729352979,"[""fiction""]"
https://hpmor.com/chapter/78,"Harry Potter and the Methods of Rationality, Chapter 78: Taboo Tradeoffs Prelude: Cheating",,Starred,1729352978,"[""fiction""]"
https://dynomight.substack.com/p/arithmetic?publication_id=327510&utm_campaign=email-post-title&r=1o9kun&utm_medium=email,Arithmetic is an underrated world-modeling technology,,Starred,1729184570,"[""science""]"
https://forum.effectivealtruism.org/posts/GzmJ2uiTx4gYhpcQK/effectiveness-is-a-conjunction-of-multipliers,Effectiveness is a Conjunction of Multipliers ‚Äî EA Forum,,Starred,1729102226,"[""ea""]"
https://colah.github.io/posts/2015-08-Backprop/,Calculus on Computational Graphs: Backpropagation -- colah's blog,,Starred,1728817594,"[""ai""]"
http://distill.pub/2017/momentum,Why Momentum Really Works,,Starred,1728815071,"[""ai""]"
https://hpmor.com/chapter/77,"Harry Potter and the Methods of Rationality, Chapter 77: SA, Aftermaths: Surface Appearances",,Starred,1728763968,"[""fiction""]"
https://hpmor.com/chapter/76,"Harry Potter and the Methods of Rationality, Chapter 76: Interlude with the Confessor: Sunk Costs",,Starred,1728763963,"[""fiction""]"
https://www.lesswrong.com/posts/Es2qzCxhJ8QYsckaA/eis-xiv-is-mechanistic-interpretability-about-to-be,EIS XIV: Is mechanistic interpretability about to be practically useful? ‚Äî LessWrong,,Starred,1728728393,"[""ai"", ""interp""]"
https://dynomight.net/plans/,Plans you‚Äôre not supposed to talk about,,Starred,1728590866,"[""other""]"
https://sciencedryad.wordpress.com/2014/01/25/grad-student-descent/,Grad student descent,,Starred,1728588037,"[""research""]"
https://dynomight.net/audiobooks/,Against dystopian views of high-speed audiobook listening,,Starred,1728576727,[]
https://www.notion.so/riemannian-connection/How-To-Write-An-ML-Paper-1130eb91275c80c89d83d0def40f336a,how to ml paper,by Chris J. Maddison (adapted and expanded from How To ML by Jakob Foerster),Archive,1732277904,"[""research""]"
https://jsteinhardt.stat.berkeley.edu/blog/film-study,Film Study for Research,,Starred,1728237620,"[""research""]"
https://www.lesswrong.com/posts/fqryrxnvpSr5w2dDJ/touch-reality-as-soon-as-possible-when-doing-machine,Touch reality as soon as possible (when doing machine learning research) ‚Äî LessWrong,,Starred,1728140370,"[""research""]"
https://www.lesswrong.com/posts/h5CGM5qwivGk2f5T9/7-traps-that-we-think-new-alignment-researchers-often-fall,7 traps that (we think) new alignment researchers often fall into ‚Äî LessWrong,,Starred,1728140368,"[""research""]"
https://www.lesswrong.com/posts/wYEwx6xcY2JxBJsfA/qualities-that-alignment-mentors-value-in-junior-researchers,Qualities that alignment mentors value in junior researchers ‚Äî LessWrong,,Starred,1728140366,"[""research""]"
https://x.com/bryan_johnson/status/1795156626543894535,"Bryan Johnson /dd on X: ""Being 11 lbs (5 kg) overweight costs 30 minutes of life expectancy daily. Equal to roughly two cigarettes a day."" / X",,Starred,1728128987,"[""health""]"
https://www.lesswrong.com/posts/rzyHbLZHuqHq6KM65/three-subtle-examples-of-data-leakage,Three Subtle Examples of Data Leakage ‚Äî LessWrong,,Starred,1728086216,"[""science""]"
https://timdettmers.com/2017/09/16/credit-assignment-deep-learning/,Credit Assignment in Deep Learning ‚Äî Tim Dettmers,,Starred,1728048420,[]
https://hpmor.com/chapter/75,"Harry Potter and the Methods of Rationality, Chapter 75: Self Actualization Final, Responsibility",,Starred,1728031737,"[""fiction""]"
https://hpmor.com/chapter/74,"Harry Potter and the Methods of Rationality, Chapter 74: SA, Escalation of Conflicts, Pt 9",,Starred,1728031736,"[""fiction""]"
https://hpmor.com/chapter/73,"Harry Potter and the Methods of Rationality, Chapter 73: SA, The Sacred and the Mundane, Pt 8",,Starred,1728031736,"[""fiction""]"
https://hpmor.com/chapter/72,"Harry Potter and the Methods of Rationality, Chapter 72: SA, Plausible Deniability, Pt 7",,Starred,1728031736,"[""fiction""]"
https://hpmor.com/chapter/71,"Harry Potter and the Methods of Rationality, Chapter 71: Self Actualization, Pt 6",,Starred,1728031735,"[""fiction""]"
https://hpmor.com/chapter/70,"Harry Potter and the Methods of Rationality, Chapter 70: Self Actualization, Pt 5",,Starred,1728031735,"[""fiction""]"
https://hpmor.com/chapter/69,"Harry Potter and the Methods of Rationality, Chapter 69: Self Actualization, Pt 4",,Starred,1728031734,"[""fiction""]"
https://hpmor.com/chapter/68,"Harry Potter and the Methods of Rationality, Chapter 68: Self Actualization, Pt 3",,Starred,1728031733,"[""fiction""]"
https://hpmor.com/chapter/67,"Harry Potter and the Methods of Rationality, Chapter 67: Self Actualization, Pt 2",,Starred,1728030196,"[""fiction""]"
https://dynomight.substack.com/p/data-wall?isFreemail=true&post_id=149729838&publication_id=327510&r=1o9kun&triedRedirect=true&utm_campaign=email-post-title&utm_medium=email&utm_source=post-email-title,The real data wall is billions of years of evolution,,Starred,1727971835,"[""ai""]"
https://hpmor.com/chapter/66,"Harry Potter and the Methods of Rationality, Chapter 66: Self Actualization, Pt 1",,Starred,1727947492,"[""fiction""]"
https://www.lesswrong.com/posts/vYuhBAqSLyXehqaaL/self-help-corner-loop-detection,Self-Help Corner: Loop Detection ‚Äî LessWrong,,Starred,1727945303,"[""optimisation""]"
https://hpmor.com/chapter/65,"Harry Potter and the Methods of Rationality, Chapter 65: Contagious Lies",,Starred,1727810352,"[""fiction""]"
https://hpmor.com/chapter/64,"Harry Potter and the Methods of Rationality, Chapter 64: Omake Files 4, Alternate Parallels",,Archive,1727810339,"[""fiction""]"
https://www.lesswrong.com/posts/HQyWGE2BummDCc2Cx/the-case-for-cot-unfaithfulness-is-overstated,the case for CoT unfaithfulness is overstated ‚Äî LessWrong,,Starred,1727728809,"[""ai""]"
http://joschu.net/blog/opinionated-guide-ml-research.html,An Opinionated Guide to ML Research,,Starred,1727721091,"[""research""]"
https://www.lesswrong.com/posts/pT48swb8LoPowiAzR/everyday-lessons-from-high-dimensional-optimization,Everyday Lessons from High-Dimensional Optimization ‚Äî LessWrong,,Starred,1727721085,"[""science""]"
https://www.lesswrong.com/posts/GhFoAxG49RXFzze5Y/what-s-so-bad-about-ad-hoc-mathematical-definitions,What's So Bad About Ad-Hoc Mathematical Definitions? ‚Äî LessWrong,,Starred,1727721081,"[""science""]"
https://www.paulgraham.com/greatwork.html,How to Do Great Work,,Starred,1727721072,"[""favourites"", ""odyssey"", ""optimisation"", ""work""]"
https://cs.stanford.edu/~jsteinhardt/ResearchasaStochasticDecisionProcess.html,ResearchasaStochasticDecisionProcess.html,,Starred,1727720989,"[""research""]"
https://www.paulgraham.com/top.html,The Top Idea in Your Mind,,Starred,1727720703,"[""favourites"", ""optimisation""]"
https://www.lesswrong.com/posts/mfPHTWsFhzmcXw8ta/the-feeling-of-idea-scarcity,The Feeling of Idea Scarcity ‚Äî LessWrong,,Starred,1727721086,"[""research"", ""favourites""]"
https://www.lesswrong.com/posts/9kNxhKWvixtKW5anS/you-are-not-measuring-what-you-think-you-are-measuring,You Are Not Measuring What You Think You Are Measuring ‚Äî LessWrong,,Starred,1727720457,"[""science""]"
http://www.strataoftheworld.com/2024/01/a-model-of-research-skill.html,A model of research skill,,Starred,1727637268,"[""research""]"
https://www.youtube.com/watch?list=PL2FF649D0C4407B30&v=AD4b-52jtos,"Hamming, ""You and Your Research"" (June 6, 1995)",,Starred,1727623323,"[""research"", ""favourites"", ""optimisation"", ""work""]"
https://www.lesswrong.com/posts/uwmFSaDMprsFkpWet/explore-more-a-bag-of-tricks-to-keep-your-life-on-the-rails,Explore More: A Bag of Tricks to Keep Your Life on the Rails ‚Äî LessWrong,,Unread,1727615148,[]
https://www.lesswrong.com/posts/7ZqGiPHTpiDMwqMN2/twelve-virtues-of-rationality,Twelve Virtues of Rationality ‚Äî LessWrong,"How can you improve your conception of rationality? Not by saying to yourself, ‚ÄúIt is my duty to be rational.‚Äù By this you only enshrine your mistaken conception. Perhaps your conception of rationality is that it is rational to believe the words of the Great Teacher, and the Great Teacher says, ‚ÄúThe sky is green,‚Äù and you look up at the sky and see blue. If you think, ‚ÄúIt may look like the sky is blue, but rationality is to believe the words of the Great Teacher,‚Äù you lose a chance to discover your mistake.",Starred,1730669070,"[""rationality""]"
https://hpmor.com/chapter/63,"Harry Potter and the Methods of Rationality, Chapter 63: TSPE, Aftermaths",,Starred,1727344618,"[""fiction""]"
https://hpmor.com/chapter/62,"Harry Potter and the Methods of Rationality, Chapter 62: The Stanford Prison Experiment, Final",,Starred,1727344613,"[""fiction""]"
https://hpmor.com/chapter/61,"Harry Potter and the Methods of Rationality, Chapter 61: TSPE, Secrecy and Openness, Pt 11",,Starred,1727344606,"[""fiction""]"
https://hpmor.com/chapter/60,"Harry Potter and the Methods of Rationality, Chapter 60: The Stanford Prison Experiment, Pt 10",,Starred,1727344601,"[""fiction""]"
https://hpmor.com/chapter/59,"Harry Potter and the Methods of Rationality, Chapter 59: TSPE, Curiosity, Pt 9",,Starred,1727344593,"[""fiction""]"
https://hpmor.com/chapter/58,"Harry Potter and the Methods of Rationality, Chapter 58: TSPE, Constrained Cognition, Pt 8",,Starred,1727344587,"[""fiction""]"
https://hpmor.com/chapter/57,"Harry Potter and the Methods of Rationality, Chapter 57: TSPE, Constrained Cognition, Pt 7",,Starred,1727344580,"[""fiction""]"
https://hpmor.com/chapter/56,"Harry Potter and the Methods of Rationality, Chapter 56: TSPE, Constrained Optimization, Pt 6",,Starred,1727344574,"[""fiction""]"
https://hpmor.com/chapter/55,"Harry Potter and the Methods of Rationality, Chapter 55: The Stanford Prison Experiment, Pt 5",,Starred,1727344569,"[""fiction""]"
https://hpmor.com/chapter/54,"Harry Potter and the Methods of Rationality, Chapter 54: The Stanford Prison Experiment, Pt 4",,Starred,1727344564,"[""fiction""]"
https://hpmor.com/chapter/53,"Harry Potter and the Methods of Rationality, Chapter 53: The Stanford Prison Experiment, Pt 3",,Starred,1727344558,"[""fiction""]"
https://hpmor.com/chapter/52,"Harry Potter and the Methods of Rationality, Chapter 52: The Stanford Prison Experiment, Pt 2",,Starred,1727344550,"[""fiction""]"
https://hpmor.com/chapter/51,"Harry Potter and the Methods of Rationality, Chapter 51: Title Redacted, Pt 1",,Starred,1727344456,"[""fiction""]"
https://forum.effectivealtruism.org/posts/xS9dFE3A6jdooiN7M/how-i-formed-my-own-views-about-ai-safety,How I Formed My Own Views About AI Safety ‚Äî EA Forum,,Starred,1727261071,"[""ai"", ""research""]"
https://hpmor.com/chapter/50,"Harry Potter and the Methods of Rationality, Chapter 50: Self Centeredness",,Starred,1727259408,"[""fiction""]"
https://hpmor.com/chapter/49,"Harry Potter and the Methods of Rationality, Chapter 49: Prior Information",,Starred,1727175022,"[""fiction""]"
https://hpmor.com/chapter/48,"Harry Potter and the Methods of Rationality, Chapter 48: Utilitarian Priorities",,Starred,1727117892,"[""fiction""]"
https://www.lesswrong.com/posts/F8sfrbPjCQj4KwJqn/asis-will-not-leave-just-a-little-sunlight-for-earth,ASIs will not leave just a little sunlight for Earth ‚Äî LessWrong,,Starred,1727116876,"[""ai""]"
https://hpmor.com/chapter/47,"Harry Potter and the Methods of Rationality, Chapter 47: Personhood Theory",,Starred,1727084801,"[""fiction""]"
https://hpmor.com/chapter/46,"Harry Potter and the Methods of Rationality, Chapter 46: Humanism, Pt 4",,Starred,1727042310,"[""fiction""]"
https://hpmor.com/chapter/45,"Harry Potter and the Methods of Rationality, Chapter 45: Humanism, Pt 3",,Starred,1727040776,"[""fiction""]"
https://hpmor.com/chapter/44,"Harry Potter and the Methods of Rationality, Chapter 44: Humanism, Pt 2",,Archive,1727039692,"[""fiction""]"
https://hpmor.com/chapter/43,"Harry Potter and the Methods of Rationality, Chapter 43: Humanism, Pt 1",,Starred,1727003751,"[""fiction""]"
https://hpmor.com/chapter/42,"Harry Potter and the Methods of Rationality, Chapter 42: Courage",,Starred,1726946571,"[""fiction""]"
https://hpmor.com/chapter/41,"Harry Potter and the Methods of Rationality, Chapter 41: Frontal Override",,Starred,1726945095,"[""fiction""]"
https://hpmor.com/chapter/40,"Harry Potter and the Methods of Rationality, Chapter 40: Pretending to be Wise, Pt 2",,Starred,1726918782,"[""fiction""]"
https://hpmor.com/chapter/39,"Harry Potter and the Methods of Rationality, Chapter 39: Pretending to be Wise, Pt 1",,Starred,1726876414,"[""fiction""]"
https://hpmor.com/chapter/38,"Harry Potter and the Methods of Rationality, Chapter 38: The Cardinal Sin",,Starred,1726875495,"[""fiction""]"
https://hpmor.com/chapter/37,"Harry Potter and the Methods of Rationality, Chapter 37: Interlude: Crossing the Boundary",,Archive,1726874640,"[""fiction""]"
https://hpmor.com/chapter/36,"Harry Potter and the Methods of Rationality, Chapter 36: Status Differentials",,Starred,1726781362,"[""fiction""]"
https://hpmor.com/chapter/35,"Harry Potter and the Methods of Rationality, Chapter 35: Coordination Problems, Pt 3",,Starred,1726776131,"[""fiction""]"
https://hpmor.com/chapter/34,"Harry Potter and the Methods of Rationality, Chapter 34: Coordination Problems, Pt 2",,Starred,1726742953,"[""fiction""]"
https://hpmor.com/chapter/33,"Harry Potter and the Methods of Rationality, Chapter 33: Coordination Problems, Pt 1",,Archive,1726657538,"[""fiction""]"
https://hpmor.com/chapter/32,"Harry Potter and the Methods of Rationality, Chapter 32: Interlude: Personal Financial Management",,Starred,1726656923,"[""fiction""]"
https://hpmor.com/chapter/31,"Harry Potter and the Methods of Rationality, Chapter 31: Working in Groups, Pt 2",,Starred,1726608264,"[""fiction""]"
https://hpmor.com/chapter/30,"Harry Potter and the Methods of Rationality, Chapter 30: Working in Groups, Pt 1",,Starred,1726567265,"[""fiction""]"
https://hpmor.com/chapter/29,"Harry Potter and the Methods of Rationality, Chapter 29: Egocentric Bias",,Starred,1726510039,"[""fiction""]"
https://hpmor.com/chapter/28,"Harry Potter and the Methods of Rationality, Chapter 28: Reductionism",,Starred,1726455687,"[""fiction""]"
https://www.lesswrong.com/posts/G3nh24cHJTT9z6gjC/not-every-accommodation-is-a-curb-cut-effect-the-handicapped,"Not every accommodation is a Curb Cut Effect: The Handicapped Parking Effect, the Clapper Effect, and more ‚Äî LessWrong",,Starred,1726443730,"[""other""]"
https://hpmor.com/chapter/27,"Harry Potter and the Methods of Rationality, Chapter 27: Empathy",,Starred,1726409287,"[""fiction""]"
https://hpmor.com/chapter/26,"Harry Potter and the Methods of Rationality, Chapter 26: Noticing Confusion",,Starred,1726407063,"[""fiction""]"
https://www.lesswrong.com/posts/7L8ZwMJkhLXjSa7tD/the-great-data-integration-schlep,The Great Data Integration Schlep ‚Äî LessWrong,,Starred,1726346302,"[""ai"", ""favourites""]"
https://hpmor.com/chapter/25,"Harry Potter and the Methods of Rationality, Chapter 25: Hold Off on Proposing Solutions",,Starred,1726339843,"[""fiction""]"
https://hpmor.com/chapter/24,"Harry Potter and the Methods of Rationality, Chapter 24: Machiavellian Intelligence Hypothesis",,Starred,1726322702,"[""fiction""]"
https://www.lesswrong.com/posts/dLDczS6Xi59GNKd3H/ai-centralization-and-the-one-ring,"AI, centralization, and the One Ring ‚Äî LessWrong",,Starred,1726266421,"[""ai""]"
https://dynomight.net/consciousness/,Consciousness will slip through our fingers,,Starred,1726221775,"[""ai"", ""ea""]"
https://dynomight.net/automated/,Thoughts while watching myself be automated,,Starred,1726221771,[]
https://hpmor.com/chapter/23,"Harry Potter and the Methods of Rationality, Chapter 23: Belief in Belief",,Starred,1726322695,"[""fiction""]"
https://hpmor.com/chapter/22,"Harry Potter and the Methods of Rationality, Chapter 22: The Scientific Method",,Starred,1726006966,"[""fiction""]"
https://www.lesswrong.com/posts/JEhW3HDMKzekDShva/significantly-enhancing-adult-intelligence-with-gene-editing,Significantly Enhancing Adult Intelligence With Gene Editing May Be Possible ‚Äî LessWrong,,Unread,1725790997,[]
https://hpmor.com/chapter/21,"Harry Potter and the Methods of Rationality, Chapter 21: Rationalization",,Starred,1725358554,"[""fiction""]"
https://williamrsaunders.substack.com/p/principles-for-the-agi-race?publication_id=2669434&utm_campaign=email-post-title&r=138wu&utm_medium=email,Principles for the AGI Race,,Starred,1725044713,"[""ai""]"
https://hpmor.com/chapter/20,"Harry Potter and the Methods of Rationality, Chapter 20: Bayes's Theorem",,Starred,1725010028,"[""fiction""]"
https://dynomight.net/breastfeeding/,Nursing doubts: Is breastfeeding good?,,Starred,1724950486,"[""health""]"
https://www.youtube.com/watch?v=gQbCO6zGRiI&pp=ygUMY29udHJvbCBheHJw,27 - AI Control with Buck Shlegeris and Ryan Greenblatt,,Starred,1724922914,"[""ai""]"
https://www.lesswrong.com/posts/yRjLY3z3GQBJaDuoY/things-that-confuse-me-about-the-current-ai-market,things that confuse me about the current AI market. ‚Äî LessWrong,,Starred,1724878264,"[""ai""]"
https://hpmor.com/chapter/19,"Harry Potter and the Methods of Rationality, Chapter 19: Delayed Gratification",,Starred,1724871614,"[""fiction""]"
https://www.lesswrong.com/posts/hsqKp56whpPEQns3Z/why-large-bureaucratic-organizations,Why Large Bureaucratic Organizations? ‚Äî LessWrong,,Starred,1724786027,"[""work""]"
https://www.lesswrong.com/posts/EBT3wxngiBfDFQx4s/my-apartment-art-commission-process,My Apartment Art Commission Process ‚Äî LessWrong,,Starred,1724781786,"[""other""]"
https://www.youtube.com/watch?v=TZNlKcDI4To,34 - AI Evaluations with Beth Barnes - YouTube,,Starred,1724761672,"[""ai""]"
https://hpmor.com/chapter/18,"Harry Potter and the Methods of Rationality, Chapter 18: Dominance Hierarchies",,Starred,1724750660,"[""fiction""]"
https://www.lesswrong.com/posts/YTZAmJKydD5hdRSeG/would-catching-your-ais-trying-to-escape-convince-ai,Would catching your AIs trying to escape convince AI developers to slow down or undeploy? ‚Äî LessWrong,,Starred,1724695622,"[""ai""]"
https://substack.com/@jbernardi/p-147309945,AI Resilience and Adaptation to Advanced AI,,Starred,1724691436,"[""ai""]"
https://www.lesswrong.com/posts/WKGKANcpGMi7E2dSp/science-is-mining-not-foraging,"Science is Mining, not Foraging ‚Äî LessWrong",,Starred,1724629522,"[""research"", ""science"", ""favourites""]"
https://www.lesswrong.com/posts/wtfvbsYjNHYYBmT3k/discussion-challenges-with-unsupervised-llm-knowledge-1,Discussion: Challenges with Unsupervised LLM Knowledge Discovery ‚Äî LessWrong,,Archive,1724627448,"[""ai""]"
https://www.lesswrong.com/posts/FEc5SfjCbAyJgRkhR/you-should-probably-eat-oatmeal-sometimes,you should probably eat oatmeal sometimes ‚Äî LessWrong,,Archive,1724612000,"[""health""]"
https://hpmor.com/chapter/17,"Harry Potter and the Methods of Rationality, Chapter 17: Locating the Hypothesis",,Starred,1724529954,"[""fiction""]"
https://hpmor.com/chapter/16,"Harry Potter and the Methods of Rationality, Chapter 16: Lateral Thinking",,Starred,1724525538,"[""fiction""]"
https://www.lesswrong.com/posts/kLpFvEBisPagBLTtM/if-we-solve-alignment-do-we-die-anyway-1,"If we solve alignment, do we die anyway? ‚Äî LessWrong",,Archive,1724510348,"[""ai""]"
https://nicholas.carlini.com/writing/2024/my-benchmark-for-large-language-models.html,My benchmark for large language models,,Archive,1724321412,"[""ai""]"
https://nicholas.carlini.com/writing/2024/how-i-use-ai.html,"How I Use ""AI""",,Archive,1724321399,"[""ai""]"
https://www.lesswrong.com/posts/67fNBeHrjdrZZNDDK/defining-alignment-research,Defining alignment research ‚Äî LessWrong,,Starred,1724268287,"[""ai""]"
https://hpmor.com/chapter/15,"Harry Potter and the Methods of Rationality, Chapter 15: Conscientiousness",,Starred,1724181993,"[""fiction""]"
https://hpmor.com/chapter/14,"Harry Potter and the Methods of Rationality, Chapter 14: The Unknown and the Unknowable",,Starred,1724161375,"[""fiction""]"
https://hpmor.com/chapter/13,"Harry Potter and the Methods of Rationality, Chapter 13: Asking the Wrong Questions",,Starred,1724109696,"[""fiction""]"
https://www.lesswrong.com/posts/vQF4Jspzi7ZjpnJbv/liability-regimes-for-ai,Liability regimes for AI ‚Äî LessWrong,,Starred,1724092917,"[""ai""]"
https://dynomight.net/general-intelligence/,General factors of intelligence and physical fitness,,Starred,1724079991,"[""science""]"
https://dynomight.net/2020/11/23/police-violence-why-fairness-is-basically-unobservable/,Why fairness is basically unobservable,,Starred,1724079990,"[""science""]"
https://dynomight.net/2020/10/29/pragmatic-reasons-to-believe-in-formal-ethics/,Pragmatic reasons to believe in formal ethics,,Starred,1724079988,[]
https://dynomight.net/in-defense-of-myers-briggs.html,In defense of Myers-Briggs,,Starred,1724079987,"[""science""]"
https://dynomight.net/2021/01/28/are-ethics-all-a-lie/,Are ethics all a lie?,,Starred,1724079986,"[""ea""]"
https://dynomight.net/2021/02/07/writing-as-a-craft/,What I learned from reading about writing,,Starred,1724079983,"[""other""]"
https://dynomight.net/2021/01/15/eeo/,What happens if you don‚Äôt fill out that ethnicity form?,,Archive,1724079982,[]
https://dynomight.net/2020/12/09/sales-tax-creates-more-unnecessary-pain-than-value-added-tax/,Sales tax creates more unnecessary pain than value added tax,,Starred,1724079981,"[""money""]"
https://dynomight.net/2020/11/21/police-violence-policy-proposals-and-what-we-dont-know-about-them/,Policy proposals and what we don‚Äôt know about them,,Archive,1724093539,"[""other""]"
https://dynomight.net/2020/10/19/its-hard-to-use-utility-maximization-to-justify-creating-new-sentient-beings/,It‚Äôs hard to use utility maximization to justify creating new sentient beings,,Starred,1728774062,"[""ea""]"
https://dynomight.net/2020/10/08/police-violence-your-ratios-dont-prove-what-you-think-they-prove/,Your ratios don‚Äôt prove what you think they prove,,Starred,1724093530,"[""science""]"
https://dynomight.net/2020/09/11/comparative-advantage-and-when-to-blow-up-your-island/,Comparative advantage and when to blow up your island,,Starred,1724079976,"[""money""]"
https://x.com/sweatystartup/status/1824872473562890742,"Nick Huber on X: ""As a dad your job is to make sure your son is the oldest in his class. Huge advantage in sports and it‚Äôll bleed over to academics, relationships, everything. Boys mature extremely slowly. Give them every advantage you can!"" / X",,Starred,1724018941,"[""optimisation""]"
https://gwern.net/improvement,My Ordinary Life: Improvements Since the 1990s ¬∑ Gwern.net,,Starred,1723975646,"[""other""]"
https://gwern.net/banner,Banner Ads Considered Harmful ¬∑ Gwern.net,,Archive,1723975627,[]
https://www.writingruxandrabio.com/p/intellectual-courage-as-the-scarcest,Intellectual courage as the scarcest resource,,Archive,1733935997,"[""work"", ""optimisation""]"
https://dynomight.net/better-DIY-air-purifier.html,The Cuboid: A DIY air purifier that‚Äôs better than a box-fan,,Archive,1723920409,"[""health""]"
https://hpmor.com/chapter/12,"Harry Potter and the Methods of Rationality, Chapter 12: Impulse Control",,Starred,1723837008,"[""fiction""]"
https://hpmor.com/chapter/11,"Harry Potter and the Methods of Rationality, Chapter 11: Omake Files 1, 2, 3",,Archive,1723819688,"[""fiction""]"
https://hpmor.com/chapter/10,"Harry Potter and the Methods of Rationality, Chapter 10: Self Awareness, Part II",,Starred,1723800457,"[""fiction""]"
https://asteriskmag.com/issues/07/can-you-trust-an-ai-press-release,Can You Trust An AI Press Release?‚ÄîAsterisk,,Starred,1723745298,"[""ai""]"
https://hpmor.com/chapter/9,"Harry Potter and the Methods of Rationality, Chapter 9: Title Redacted, Part I",,Starred,1723713442,"[""fiction""]"
https://www.lesswrong.com/posts/4GRKshbGWnXGjSiBe/debate-get-a-college-degree,Debate: Get a college degree? ‚Äî LessWrong,,Starred,1723665978,"[""optimisation""]"
https://www.lesswrong.com/posts/btzdPwkmmcZ2KAQwm/debate-is-it-ethical-to-work-at-ai-capabilities-companies,Debate: Is it ethical to work at AI capabilities companies? ‚Äî LessWrong,,Archive,1723643408,"[""ai""]"
https://www.lesswrong.com/posts/xXXXkGGKorTNmcYdb/fields-that-i-reference-when-thinking-about-ai-takeover,Fields that I reference when thinking about AI takeover prevention ‚Äî LessWrong,,Starred,1723625314,"[""ai""]"
https://www.lesswrong.com/posts/r5rfmZBmj2w4eCh7Q/ten-arguments-that-ai-is-an-existential-risk,Ten arguments that AI is an existential risk ‚Äî LessWrong,,Starred,1723574939,"[""ai""]"
http://www.beren.io/2023-02-04-Integer-tokenization-is-insane/,Integer tokenization is insane,,Starred,1723498109,"[""ai""]"
http://www.beren.io/2023-02-13-Intellectual-progress-in-2022/,Intellectual progress in 2022,,Archive,1723411364,"[""research""]"
http://www.beren.io/2023-04-09-My-PhD-experience/,My PhD experience,,Archive,1723411315,"[""ai""]"
http://www.beren.io/2023-08-09-Strong-Infohazard-Norms-Lead-To-Predictable-Failure-Modes/,Strong infohazard norms lead to predictable failure modes,,Starred,1723411284,"[""research""]"
http://www.beren.io/2023-11-05-Open-source-AI-has-been-vital-for-alignment/,Open source AI has been vital for alignment,,Starred,1723411269,"[""ai""]"
http://www.beren.io/2023-12-26-Intellectual-Progress-in-2023/,Intellectual Progress in 2023,,Starred,1723411256,"[""research""]"
http://www.beren.io/2024-03-04-Preliminary-Thoughts-on-AI-Safety-Regulation/,My Preliminary Thoughts on AI Safety Regulation,,Starred,1723411239,"[""ai""]"
http://www.beren.io/2024-05-05-Does-Scaffolding-Help-Humans/,Does scaffolding help humans?,,Archive,1723411223,"[""ai""]"
http://www.beren.io/2024-05-11-Integer-tokenization-is-now-much-less-insane/,Integer tokenization is now much less insane,,Archive,1723411215,"[""ai""]"
http://www.beren.io/2024-05-12-Capital-Ownership-Will-Not-Prevent-Human-Disempowerment/,Capital Ownership Will Not Prevent Human Disempowerment,,Archive,1723411208,"[""ai""]"
http://www.beren.io/2024-07-07-Right-to-Left-Integer-Tokenization/,Right to Left (R2L) Integer Tokenization,,Starred,1723411194,"[""ai""]"
https://ukpersonal.finance/pensions/,Pensions - UKPersonalFinance Wiki,"The most common recommendation for retirement saving is that you should save half your starting age as a percentage of your income ‚Äì if you start saving for retirement aged 20 you should save 10% of your income for the rest of your working life, if you start age 30 you will need to save 15%. If you leave it until you‚Äôre 40 you need to save 20% of your salary.",Archive,1723408162,"[""money""]"
https://ukpersonal.finance/mortgages/,Mortgages - UKPersonalFinance Wiki,,Starred,1723397143,"[""money""]"
https://dynomight.net/humidifiers/,The case against ultrasonic humidifiers,,Archive,1723397081,"[""health""]"
https://dynomight.net/buy-purifiers/,What if you just bought everyone air purifiers?,,Archive,1723397080,"[""health""]"
https://dynomight.net/air/,Better air quality is the easiest way not to die,,Starred,1723397076,"[""health""]"
https://forum.effectivealtruism.org/posts/w9ENDad268PT9KnWn/thoughts-on-personal-finance-for-effective-altruists,Thoughts on Personal Finance for Effective Altruists ‚Äî EA Forum,,Starred,1723920408,"[""ea"", ""money""]"
https://dynomight.net/2020/09/29/doing-discourse-better-stuff-i-wish-i-knew/,Doing discourse better: Stuff I wish I knew,,Archive,1723397031,"[""people"", ""optimisation""]"
https://dynomight.net/nukes/,So you want to invent a nuclear weapon,,Starred,1723397030,"[""science""]"
https://dynomight.net/things/,Things that don‚Äôt work,,Archive,1723397028,"[""optimisation""]"
https://dynomight.net/seed-oil/,Thoughts on seed oil,,Starred,1723397025,"[""health""]"
https://dynomight.net/travel/,Obvious travel advice,,Starred,1723397024,"[""optimisation""]"
https://dynomight.net/axes/,Using axis lines for good or evil,,Starred,1723397022,"[""research""]"
https://dynomight.net/datasets/,Datasets that change the odds you exist,,Archive,1723397015,"[""ea"", ""other""]"
https://www.lesswrong.com/posts/P8XcbnYi7ooB2KR2j/provably-safe-ai-worldview-and-projects,Provably Safe AI: Worldview and Projects ‚Äî LessWrong,,Archive,1723321614,"[""ai""]"
http://www.strataoftheworld.com/2021/10/death-is-bad.html,Death is bad,,Starred,1723321584,"[""ea""]"
https://dynomight.net/harvard/,Maybe the problem is that Harvard exists,,Starred,1723321544,"[""other""]"
https://dynomight.net/college/,Thoughts on high-stakes college admissions,,Archive,1723321539,"[""other""]"
https://dynomight.net/humans/,My heuristics for interacting with humans,,Starred,1723321531,"[""optimisation"", ""people""]"
https://dynomight.net/colonoscopies/,You‚Äôre Invited to a Colonoscopy!,,Starred,1723321516,"[""science""]"
https://dynomight.net/fancy-math/,Fancy math doesn‚Äôt make simple math stop being true,,Archive,1723321493,"[""science""]"
https://dynomight.net/olympics/,It‚Äôs probably just money: Why hosts do well at the Olympics,,Archive,1723397035,"[""money""]"
https://hpmor.com/chapter/8,"Harry Potter and the Methods of Rationality, Chapter 8: Positive Bias",,Archive,1723321435,"[""fiction""]"
https://www.lesswrong.com/posts/tojtPCCRpKLSHBdpn/the-strong-feature-hypothesis-could-be-wrong,The ‚Äòstrong‚Äô feature hypothesis could be wrong ‚Äî LessWrong,,Starred,1723454574,"[""ai"", ""interp""]"
https://docs.google.com/document/d/1Z1mQ47FqzNBzNvalWgSnyGph7A4Q7MndOEqsqv_mto0/edit?usp=embed_facebook,Ought Machine Learning Reading List,,Unread,1664991629,[]
https://www.lesswrong.com/posts/9TWReSDKyshfA66sz/alignment-org-cheat-sheet,Alignment Org Cheat Sheet - LessWrong,https://www.lesswrong.com/posts/9TWReSDKyshfA66sz/alignment-org-cheat-sheet?fbclid=IwAR0ITCxRJxse1RHDZ48Y1vbWxac87vUWzhOMA7kEQMJDp7TcIrhG19g18Do,Unread,1663696026,[]
https://arxiv.org/pdf/2105.03824.pdf,FNet: Mixing Tokens with Fourier Transforms | PDF,,Unread,1663623314,[]
https://towardsdatascience.com/transformers-explained-visually-part-1-overview-of-functionality-95a6dd460452,Transformers Explained Visually (Part 1): Overview of Functionality | by Ketan Doshi | Towards Data Science,,Unread,1662563816,[]
https://docs.google.com/document/d/1RFo7_9JVmt0z8RPwUjB-mUMgCMoUQmsaj2CM5aHvxCw/edit?usp=embed_facebook,Beneficial AI Research Career Advice,,Starred,1732547627,"[""ai"", ""careers""]"
https://docs.google.com/spreadsheets/d/1QSEWjXZuqmG6ORkig84V4sFCldIntyuQj7yq3gkDo0U/edit?usp=embed_facebook,"AI safety technical courses, reading lists, and curriculums",,Unread,1662330728,[]
https://readingwhatwecan.com/index.html,Reading What We Can,,Unread,1662302873,[]
https://forum.effectivealtruism.org/posts/S7dhJR5TDwPb5jypG/levelling-up-in-ai-safety-research-engineering,Levelling Up in AI Safety Research Engineering - EA Forum,,Unread,1662128862,[]
https://www.lesswrong.com/posts/QBAjndPuFbhEXKcCr/my-understanding-of-what-everyone-in-technical-alignment-is,(My understanding of) What Everyone in Technical Alignment is Doing and Why - LessWrong,https://www.lesswrong.com/posts/QBAjndPuFbhEXKcCr/my-understanding-of-what-everyone-in-technical-alignment-is,Unread,1661867853,[]
https://forum.effectivealtruism.org/posts/DDDyTvuZxoKStm92M/ai-safety-needs-great-engineers,AI Safety Needs Great Engineers - EA Forum,,Unread,1660931402,[]
https://www.underarmour.co.uk/en-gb/p/all/unisex_ua_contain_duo_medium_duffle/1361226.html/,Unisex UA Contain Duo Medium Duffle | Under Armour,https://www.underarmour.co.uk/en-gb/p/all/unisex_ua_contain_duo_medium_duffle/1361226.html/,Unread,1660904137,[]
https://spinningup.openai.com/en/latest/user/introduction.html,Introduction ‚Äî Spinning Up documentation,,Unread,1660604335,[]
http://adversarial-ml-tutorial.org/introduction/,Chapter 1 - Introduction to adversarial robustness,,Unread,1660604169,[]
